source,class,db,accession,organism,twoA_seq,downstream_P+pos2,pos2,downstream_product,lineage
repo,B,IMGVR,IMGVR_UViG_3300020070_000884|3300020070|Ga0206356_113564792,Uncultivated virus (IMG/VR metagenome; UViG 3300020070_000884),DLTRFGIEPNPG,PD,D,,
repo,B,IMGVR,IMGVR_UViG_3300020080_000276|3300020080|Ga0206350_104476741,Uncultivated virus (IMG/VR metagenome; UViG 3300020080_000276),DLTRFGIEPNPG,PD,D,,
repo,B,IMGVR,IMGVR_UViG_3300020081_000993|3300020081|Ga0206354_114006602,Uncultivated virus (IMG/VR metagenome; UViG 3300020081_000993),DLTRYGIEPNPGPD,PD,D,,
repo,B,IMGVR,IMGVR_UViG_3300020082_000043|3300020082|Ga0206353_100777952,Uncultivated virus (IMG/VR metagenome; UViG 3300020082_000043),DLTRYGIEPNPGPD,PD,D,,
repo,B,IMGVR,IMGVR_UViG_3300020070_000142|3300020070|Ga0206356_101717091,Uncultivated virus (IMG/VR metagenome; UViG 3300020070_000142),DLTRYGIEPNPGPD,PD,D,,
repo,B,IMGVR,IMGVR_UViG_3300022711_000101|3300022711|Ga0242674_10012691,Uncultivated virus (IMG/VR metagenome; UViG 3300022711_000101),DLTVFGIEPNPGPE,PE,E,,
repo,B,IMGVR,IMGVR_UViG_3300022532_000137|3300022532|Ga0242655_100008972,Uncultivated virus (IMG/VR metagenome; UViG 3300022532_000137),DLTVFGIEPNPGPE,PE,E,,
repo,A,IMGVR,IMGVR_UViG_2757320800_000001|2757320800|2758450560,Uncultivated virus (IMG/VR metagenome; UViG 2757320800_000001),FWLLMLCGDVELNPGPD,PD,D,,
repo,B,IMGVR,IMGVR_UViG_3300022512_000019|3300022512|Ga0242676_10000221,Uncultivated virus (IMG/VR metagenome; UViG 3300022512_000019),GAWVRDLTTEGVEPNPGPDTI,PD,D,,
repo,B,IMGVR,IMGVR_UViG_3300022533_000022|3300022533|Ga0242662_100000331,Uncultivated virus (IMG/VR metagenome; UViG 3300022533_000022),GAWVRDLTTEGVEPNPGPDTI,PD,D,,
repo,B,IMGVR,IMGVR_UViG_3300046647_000144|3300046647|Ga0491241_000075_2_5791,Uncultivated virus (IMG/VR metagenome; UViG 3300046647_000144),GGWERDLTREGIEPNPGPE,PE,E,,
repo,B,IMGVR,IMGVR_UViG_3300035590_000201|3300035590|Ga0374546_00785_3_1799,Uncultivated virus (IMG/VR metagenome; UViG 3300035590_000201),GGWVKDLTDEGIEPNPGPDM,PD,D,,
repo,B,IMGVR,IMGVR_UViG_3300035580_000427|3300035580|Ga0374540_001905_587_2845,Uncultivated virus (IMG/VR metagenome; UViG 3300035580_000427),GGWVKDLTDEGIEPNPGPDM,PD,D,,
repo,B,IMGVR,IMGVR_UViG_3300022363_000187|3300022363|Ga0210375_1010681,Uncultivated virus (IMG/VR metagenome; UViG 3300022363_000187),GGWVKDLTDEGIEPNPGPDM,PD,D,,
repo,B,IMGVR,IMGVR_UViG_3300035577_000308|3300035577|Ga0374537_000899_724_3303,Uncultivated virus (IMG/VR metagenome; UViG 3300035577_000308),GGWVKDLTDEGIEPNPGPDM,PD,D,,
repo,B,IMGVR,IMGVR_UViG_3300028420_000074|3300028420|Ga0210366_100761851,Uncultivated virus (IMG/VR metagenome; UViG 3300028420_000074),GGWVKDLTDEGIEPNPGPDM,PD,D,,
repo,B,IMGVR,IMGVR_UViG_3300035574_000082|3300035574|Ga0374534_000223_2_3451,Uncultivated virus (IMG/VR metagenome; UViG 3300035574_000082),GGWVKDLTDEGIEPNPGPDM,PD,D,,
repo,B,IMGVR,IMGVR_UViG_3300035569_000028|3300035569|Ga0374529_000044_1030_6003,Uncultivated virus (IMG/VR metagenome; UViG 3300035569_000028),GGWVKDLTDEGIEPNPGPDM,PD,D,,
repo,B,IMGVR,IMGVR_UViG_3300037770_000016|3300037770|Ga0401334_000030_2889_7862,Uncultivated virus (IMG/VR metagenome; UViG 3300037770_000016),GGWVKDLTDEGIEPNPGPDM,PD,D,,
repo,B,IMGVR,IMGVR_UViG_3300037798_000020|3300037798|Ga0401328_000036_2982_7955,Uncultivated virus (IMG/VR metagenome; UViG 3300037798_000020),GGWVKDLTDEGIEPNPGPDM,PD,D,,
repo,B,IMGVR,IMGVR_UViG_3300041969_000035|3300041969|Ga0401330_000047_2975_7948,Uncultivated virus (IMG/VR metagenome; UViG 3300041969_000035),GGWVKDLTDEGIEPNPGPDM,PD,D,,
repo,B,IMGVR,IMGVR_UViG_3300037772_000013|3300037772|Ga0401336_00024_2866_7839,Uncultivated virus (IMG/VR metagenome; UViG 3300037772_000013),GGWVKDLTDEGIEPNPGPDM,PD,D,,
repo,B,IMGVR,IMGVR_UViG_3300035596_000034|3300035596|Ga0374552_000047_1333_6306,Uncultivated virus (IMG/VR metagenome; UViG 3300035596_000034),GGWVKDLTDEGIEPNPGPDM,PD,D,,
repo,B,IMGVR,IMGVR_UViG_3300021287_000021|3300021287|Ga0210338_1049811,Uncultivated virus (IMG/VR metagenome; UViG 3300021287_000021),GGWVKDLTDEGIEPNPGPDM,PD,D,,
repo,B,IMGVR,IMGVR_UViG_3300021852_000117|3300021852|Ga0210317_11221091,Uncultivated virus (IMG/VR metagenome; UViG 3300021852_000117),GGWVKDLTDEGIEPNPGPDM,PD,D,,
repo,B,IMGVR,IMGVR_UViG_3300022373_000011|3300022373|Ga0210319_10000151,Uncultivated virus (IMG/VR metagenome; UViG 3300022373_000011),GGWVKDLTDEGIEPNPGPDM,PD,D,,
repo,B,IMGVR,IMGVR_UViG_3300021313_000109|3300021313|Ga0210333_11312062,Uncultivated virus (IMG/VR metagenome; UViG 3300021313_000109),GGWVKDLTDEGIEPNPGPDM,PD,D,,
repo,B,IMGVR,IMGVR_UViG_3300030972_000004|3300030972|Ga0075400_100468141,Uncultivated virus (IMG/VR metagenome; UViG 3300030972_000004),KDLCQYGIEPNPGPE,PE,E,,
repo,A,IMGVR,IMGVR_UViG_2595698315_000001|2595698315|2596474912,Uncultivated virus (IMG/VR metagenome; UViG 2595698315_000001),LLKCGDVESNPGPD,PD,D,,
repo,A,IMGVR,IMGVR_UViG_3300010140_000090|3300010140|Ga0127456_11141254,Uncultivated virus (IMG/VR metagenome; UViG 3300010140_000090),LLTCGDVESNPGP,PE,E,,
repo,A,IMGVR,IMGVR_UViG_2700989091_000001|2700989091|2701390664,Uncultivated virus (IMG/VR metagenome; UViG 2700989091_000001),LQQAGDVEMNPGP,PE,E,,
repo,A,IMGVR,IMGVR_UViG_3300009587_000129|3300009587|Ga0115602_10378252,Uncultivated virus (IMG/VR metagenome; UViG 3300009587_000129),LRSGDVEENPGPD,PD,D,,
repo,B,IMGVR,IMGVR_UViG_3300010854_000098|3300010854|Ga0126360_10620501,Uncultivated virus (IMG/VR metagenome; UViG 3300010854_000098),LVREGIEENPGPDYG,PD,D,,
repo,B,IMGVR,IMGVR_UViG_3300010869_000107|3300010869|Ga0126359_11970001,Uncultivated virus (IMG/VR metagenome; UViG 3300010869_000107),LVREGIEENPGPDYG,PD,D,,
repo,B,IMGVR,IMGVR_UViG_3300041949_000089|3300041949|Ga0439261_0000888_884_5824,Uncultivated virus (IMG/VR metagenome; UViG 3300041949_000089),NEWIRDLTRECIESNPGPD,PD,D,,
repo,B,IMGVR,IMGVR_UViG_3300020080_000694|3300020080|Ga0206350_113979701,Uncultivated virus (IMG/VR metagenome; UViG 3300020080_000694),NNWILDLTRYGIESNPGPEY,PE,E,,
repo,B,IMGVR,IMGVR_UViG_2974772534_000008|2974772534|2974772538,Uncultivated virus (IMG/VR metagenome; UViG 2974772534_000008),NSMWLRDLTREGVESNPGPDYIS,PD,D,,
repo,B,IMGVR,IMGVR_UViG_3300030546_000012|3300030546|Ga0247646_10000901,Uncultivated virus (IMG/VR metagenome; UViG 3300030546_000012),QGWVRDLTEEGIEPLPG,PE,E,,
repo,B,IMGVR,IMGVR_UViG_3300003162_000147|3300003162|Ga0006778J45830_10345342,Uncultivated virus (IMG/VR metagenome; UViG 3300003162_000147),RDLTRYGVEPNPGP,PD,D,,
repo,B,IMGVR,IMGVR_UViG_3300003163_000103|3300003163|Ga0006759J45824_10313672,Uncultivated virus (IMG/VR metagenome; UViG 3300003163_000103),RDLTRYGVEPNPGP,PD,D,,
repo,A,IMGVR,IMGVR_UViG_2700989091_000001|2700989091|2701390664,Uncultivated virus (IMG/VR metagenome; UViG 2700989091_000001),RLLQAGDIEQNPGPD,PD,D,,
repo,A,IMGVR,IMGVR_UViG_2706796441_000001|2706796441|2708721103,Uncultivated virus (IMG/VR metagenome; UViG 2706796441_000001),RSLLLRCGDIEENPGPD,PD,D,,
repo,B,IMGVR,IMGVR_UViG_3300012769_000056|3300012769|Ga0138279_11007661,Uncultivated virus (IMG/VR metagenome; UViG 3300012769_000056),SDWIRDLTAEGIEPNPGP,PD,D,,
repo,B,IMGVR,IMGVR_UViG_3300011333_000339|3300011333|Ga0127502_109869061,Uncultivated virus (IMG/VR metagenome; UViG 3300011333_000339),SRWERDLTQDGDVESNPGPEWT,PE,E,,
repo,B,IMGVR,IMGVR_UViG_3300032625_000023|3300032625|Ga0214501_10027792,Uncultivated virus (IMG/VR metagenome; UViG 3300032625_000023),TGWVRDLTEEGIEPNPG,PE,E,,
repo,B,IMGVR,IMGVR_UViG_3300033540_000005|3300033540|Ga0314764_10004142,Uncultivated virus (IMG/VR metagenome; UViG 3300033540_000005),TGWVRDLTEEGIEPNPG,PE,E,,
repo,B,IMGVR,IMGVR_UViG_3300032466_000218|3300032466|Ga0214503_10037542,Uncultivated virus (IMG/VR metagenome; UViG 3300032466_000218),TGWVRDLTEEGIEPNPG,PE,E,,
repo,B,IMGVR,IMGVR_UViG_3300032589_000121|3300032589|Ga0214500_10047072,Uncultivated virus (IMG/VR metagenome; UViG 3300032589_000121),TGWVRDLTEEGIEPNPG,PE,E,,
repo,B,IMGVR,IMGVR_UViG_3300030925_000020|3300030925|Ga0214498_1000242,Uncultivated virus (IMG/VR metagenome; UViG 3300030925_000020),TGWVRDLTEEGIEPNPG,PE,E,,
repo,B,IMGVR,IMGVR_UViG_3300032593_000024|3300032593|Ga0321338_10021972,Uncultivated virus (IMG/VR metagenome; UViG 3300032593_000024),TGWVRDLTEEGIEPNPG,PE,E,,
repo,B,IMGVR,IMGVR_UViG_3300033534_000136|3300033534|Ga0314757_10043212,Uncultivated virus (IMG/VR metagenome; UViG 3300033534_000136),TGWVRDLTEEGIEPNPG,PE,E,,
repo,B,IMGVR,IMGVR_UViG_3300017790_000027|3300017790|Ga0188094_100621752,Uncultivated virus (IMG/VR metagenome; UViG 3300017790_000027),VRDLTRYGIEPNPGPE,PE,E,,
repo,B,IMGVR,IMGVR_UViG_3300010865_000264|3300010865|Ga0126346_13516252,Uncultivated virus (IMG/VR metagenome; UViG 3300010865_000264),WVDLTRYGIEPDPGPDI,PD,D,,
repo,A,MGnify,MGYP001574095322,Environmental metagenome (MGnify; no host assignment),CGDVESNPGPD,PD,D,,
both,A,MGnify,MGYP001229337609,Environmental metagenome (MGnify; no host assignment),DLLHLAGDIETNPGPD,PD,D,P,N/A
both,A,MGnify,MGYP001310632800,Environmental metagenome (MGnify; no host assignment),DLLHLAGDIETNPGPD,PD,D,P,N/A
both,A,MGnify,MGYP001475779628,Environmental metagenome (MGnify; no host assignment),DLLHLAGDIETNPGPD,PD,D,P,N/A
repo,A,MGnify,MGYP001394600164,Environmental metagenome (MGnify; no host assignment),DLLHLAGDIETNPGPD,PD,D,,
repo,A,MGnify,MGYP001473111653,Environmental metagenome (MGnify; no host assignment),DLLHLAGDIETNPGPD,PD,D,,
both,A,MGnify,MGYP000122689826,Environmental metagenome (MGnify; no host assignment),GAWVEDLTQDGDVESNPGPDWI,PD,D,P,N/A
both,B,MGnify,MGYP000393972076,Environmental metagenome (MGnify; no host assignment),GAWVEDLTQDGDVESNPGPDWI,PD,D,P,N/A
both,B,MGnify,MGYP000570906007,Environmental metagenome (MGnify; no host assignment),GGWIRDLVEEGIEPNPGPERY,PE,E,P,N/A
repo,B,MGnify,MGYP001353568758,Environmental metagenome (MGnify; no host assignment),GWVRRLVQEGIEPHPGPDFH,PD,D,,
repo,B,MGnify,MGYP004210502455,Environmental metagenome (MGnify; no host assignment),GWVRRLVQEGIEPHPGPDFH,PD,D,,
both,A,MGnify,MGYP000685825465,Environmental metagenome (MGnify; no host assignment),HILLLISGDVESNPGP,PD,D,P,N/A
both,A,MGnify,MGYP000373253450,Environmental metagenome (MGnify; no host assignment),ILLLISGDVESNPGP,PD,D,P,N/A
both,A,MGnify,MGYP000168047820,Environmental metagenome (MGnify; no host assignment),ILLLISGDVESNPGP,PD,D,P,N/A
both,A,MGnify,MGYP001433809487,Environmental metagenome (MGnify; no host assignment),KLLLCGNVESNPGPD,PD,D,P,N/A
both,A,MGnify,MGYP003385302742,Environmental metagenome (MGnify; no host assignment),LLLKCAGDIESNPGP,PD,D,P,N/A
both,A,MGnify,MGYP000352609934,Environmental metagenome (MGnify; no host assignment),LLLLLSGDVELNPGP,PD,D,P,N/A
both,A,MGnify,MGYP000612109605,Environmental metagenome (MGnify; no host assignment),LLLLLSGDVELNPGP,PD,D,P,N/A
both,A,MGnify,MGYP000356773036,Environmental metagenome (MGnify; no host assignment),LLLLLSGDVELNPGP,PD,D,P,N/A
both,A,MGnify,MGYP006082065765,Environmental metagenome (MGnify; no host assignment),LLLMRAGDVETNPGP,PD,D,P,N/A
both,A,MGnify,MGYP000910493874,Environmental metagenome (MGnify; no host assignment),LLLMRAGDVETNPGP,PD,D,P,N/A
both,A,MGnify,MGYP004480981839,Environmental metagenome (MGnify; no host assignment),LLLMRAGDVETNPGP,PD,D,P,N/A
both,A,MGnify,MGYP006098251647,Environmental metagenome (MGnify; no host assignment),LLLMRAGDVETNPGP,PD,D,P,N/A
repo,A,MGnify,MGYP000700575595,Environmental metagenome (MGnify; no host assignment),LLLSGDVESNPGPD,PD,D,,
repo,A,MGnify,MGYP000140304038,Environmental metagenome (MGnify; no host assignment),LLLSGDVESNPGPD,PD,D,,
both,A,MGnify,MGYP000644623334,Environmental metagenome (MGnify; no host assignment),LLMRCGDVESNPGPD,PD,D,P,N/A
both,A,MGnify,MGYP000158079365,Environmental metagenome (MGnify; no host assignment),LLMRCGDVESNPGPD,PD,D,P,N/A
both,A,MGnify,MGYP000370387820,Environmental metagenome (MGnify; no host assignment),LLMRCGDVESNPGPD,PD,D,P,N/A
both,A,MGnify,MGYP000125635245,Environmental metagenome (MGnify; no host assignment),LLMRCGDVESNPGPD,PD,D,P,N/A
both,A,MGnify,MGYP000270131253,Environmental metagenome (MGnify; no host assignment),LLMRCGDVESNPGPD,PD,D,P,N/A
both,A,MGnify,MGYP000388075063,Environmental metagenome (MGnify; no host assignment),LLMRCGDVESNPGPD,PD,D,P,N/A
both,A,MGnify,MGYP000211148770,Environmental metagenome (MGnify; no host assignment),LLMRCGDVESNPGPD,PD,D,P,N/A
both,A,MGnify,MGYP000600395773,Environmental metagenome (MGnify; no host assignment),LLMRCGDVESNPGPD,PD,D,P,N/A
both,A,MGnify,MGYP004963657351,Environmental metagenome (MGnify; no host assignment),LLMRCGDVESNPGPD,PD,D,P,N/A
both,A,MGnify,MGYP000600401068,Environmental metagenome (MGnify; no host assignment),LLMRCGDVESNPGPD,PD,D,P,N/A
both,A,MGnify,MGYP000730137032,Environmental metagenome (MGnify; no host assignment),LLMRCGDVESNPGPD,PD,D,P,N/A
both,A,MGnify,MGYP000647577728,Environmental metagenome (MGnify; no host assignment),LLMRCGDVESNPGPD,PD,D,P,N/A
both,A,MGnify,MGYP000048969689,Environmental metagenome (MGnify; no host assignment),LLMRCGDVESNPGPD,PD,D,P,N/A
both,A,MGnify,MGYP000249486203,Environmental metagenome (MGnify; no host assignment),LLMRCGDVESNPGPD,PD,D,P,N/A
both,A,MGnify,MGYP000063717898,Environmental metagenome (MGnify; no host assignment),LLMRCGDVESNPGPD,PD,D,P,N/A
both,A,MGnify,MGYP000668209271,Environmental metagenome (MGnify; no host assignment),LLMRCGDVESNPGPD,PD,D,P,N/A
both,A,MGnify,MGYP000146280086,Environmental metagenome (MGnify; no host assignment),LLMRCGDVESNPGPD,PD,D,P,N/A
both,A,MGnify,MGYP000532565284,Environmental metagenome (MGnify; no host assignment),LLMRCGDVESNPGPD,PD,D,P,N/A
both,A,MGnify,MGYP000302574604,Environmental metagenome (MGnify; no host assignment),LLMRCGDVESNPGPD,PD,D,P,N/A
both,A,MGnify,MGYP004962297977,Environmental metagenome (MGnify; no host assignment),LLMRCGDVESNPGPD,PD,D,P,N/A
both,A,MGnify,MGYP000488331298,Environmental metagenome (MGnify; no host assignment),LLMRCGDVESNPGPD,PD,D,P,N/A
both,A,MGnify,MGYP000181661527,Environmental metagenome (MGnify; no host assignment),LLMRCGDVESNPGPD,PD,D,P,N/A
both,A,MGnify,MGYP006138561873,Environmental metagenome (MGnify; no host assignment),LLRAGDVESNPGPD,PD,D,P,N/A
both,A,MGnify,MGYP004547174473,Environmental metagenome (MGnify; no host assignment),LLRAGDVESNPGPD,PD,D,P,N/A
both,A,MGnify,MGYP006215146745,Environmental metagenome (MGnify; no host assignment),LLRAGDVESNPGPD,PD,D,P,N/A
repo,A,MGnify,MGYP001792216171,Environmental metagenome (MGnify; no host assignment),RLLLLRSGDVETNPGPD,PD,D,,
both,A,MGnify,MGYP001802200443,Environmental metagenome (MGnify; no host assignment),RLLLLWSGDVETNPGPD,PD,D,P,N/A
both,A,MGnify,MGYP001552523539,Environmental metagenome (MGnify; no host assignment),SLLLQCGDVEQNPGPD,PD,D,P,N/A
both,B,MGnify,MGYP000577850845,Environmental metagenome (MGnify; no host assignment),STWIRDLTEEGVEPHPGPETTS,PE,E,P,N/A
repo,B,MGnify,MGYP006056596479,Environmental metagenome (MGnify; no host assignment),TVWVRDLTEEGIEPNPGPDT,PD,D,,
repo,B,MGnify,MGYP005711745297,Environmental metagenome (MGnify; no host assignment),TVWVRDLTEEGIESNPGPDT,PD,D,,
both,A,MGnify,MGYP000023476384,Environmental metagenome (MGnify; no host assignment),YLLILSGDVELNPGP,PD,D,P,N/A
TableS2,A,UniParc,UPI001898741C,,ALLIMSGNVESNPGP,PD,D,PDSDALLAELKNLSAGQSQL,N/A
TableS2,A,UniParc,UPI002101270B,,ALLLLAGDVETNPGP,PD,D,PDAVLDELKKLSAGQSQLLT,N/A
TableS2,A,UniParc,UPI001896A7A7,,ALLLLAGDVETNPGP,PD,D,PDAVLDELKKLSAGQSQLLT,N/A
TableS2,A,UniParc,UPI00189B8838,,ALLLLAGDVETNPGP,PD,D,PDAVLDELKKLSAGQSQLLT,N/A
TableS2,A,UniParc,UPI0021018713,,ALLLLAGDVETNPGP,PD,D,PDAVLDELKKLSAGQSQLLT,N/A
TableS2,A,UniParc,UPI002100EE31,,ALLLLAGDVETNPGP,PD,D,PDAVLDELKKLSAGQSQLLT,N/A
TableS2,A,UniParc,UPI00189A35AE,,ALLLLAGDVETNPGP,PD,D,PDAVLDELKKLSAGQSQLLT,N/A
TableS2,A,UniParc,UPI001898B981,,ALLLLAGDVETNPGP,PD,D,PDAVLDELKKLSAGQSQLLT,N/A
TableS2,A,UniParc,UPI001898BD24,,ALLLLAGDVETNPGP,PD,D,PDAVLDELKKLSAGQSQLLT,N/A
TableS2,A,UniParc,UPI00189A1B86,,ALLLLAGDVETNPGP,PD,D,PDAVLDELKKLSAGQSQLLT,N/A
TableS2,A,UniParc,UPI0021557D8E,,ALLLLSGDIETNPGP,PE,E,PEKAVLDELKKLSTGQASLI,N/A
TableS2,A,UniParc,UPI00189616F6,,ALLLLSGDVETNPGP,PD,D,PDKVVLDELRKLSAGQATLI,N/A
TableS2,A,UniParc,UPI0018932FC5,,ALLLLSGDVETNPGP,PD,D,PDKVVLDELRKLSAGQATLI,N/A
TableS2,A,UniParc,UPI0020C2565C,,ALLLLSGDVETNPGP,PD,D,PDKVVLDELRKLSAGQATLI,N/A
TableS2,A,UniParc,UPI001898C4D9,,ALLMMSGDVESNPGP,PD,D,PDSDALLAELKNLSAGQSQL,N/A
TableS2,A,UniParc,UPI001898BFCC,,ALLMMSGDVESNPGP,PD,D,PDSDALLAELKNLSAGQSQL,N/A
TableS2,A,UniParc,UPI00189BAB2F,,ALLMMSGDVESNPGP,PD,D,PDSDALLAELKNLSAGQSQL,N/A
TableS2,A,UniParc,UPI001898C140,,ALLMMSGDVESNPGP,PD,D,PDSDALLAELKNLSAGQSQL,N/A
TableS2,A,UniParc,UPI002101D128,,ALLMMSGDVESNPGP,PD,D,PDSDALLAELKNLSAGQSQL,N/A
TableS2,A,UniParc,UPI00189A0269,,ALLMMSGDVESNPGP,PD,D,PDSDALLAELKNLSAGQSQL,N/A
TableS2,A,UniParc,UPI0021017D64,,ALLMMSGDVESNPGP,PD,D,PDSDALLAELKNLSAGQSQL,N/A
TableS2,A,UniParc,UPI0018973D07,,ALLMMSGDVESNPGP,PD,D,PDSDALLAELKNLSAGQSQL,N/A
TableS2,A,UniParc,UPI00210096AC,,ALLMMSGDVESNPGP,PD,D,PDSDALLAELKNLSAGQSQL,N/A
TableS2,A,UniParc,UPI002100B25E,,ALLMMSGDVESNPGP,PD,D,PDSDALLAELKNLSAGQSQL,N/A
TableS2,A,UniParc,UPI00210178D3,,ALLMMSGDVESNPGP,PD,D,PDSDALLAELKNLSAGQSQL,N/A
TableS2,A,UniParc,UPI00189808B6,,ALLMMSGDVESNPGP,PD,D,PDSDALLAELKNLSAGQSQL,N/A
TableS2,A,UniParc,UPI00210131B2,,ALLMMSGDVESNPGP,PD,D,PDSDALLAELKNLSAGQSQL,N/A
TableS2,A,UniParc,UPI0021013BC8,,ALLMMSGDVESNPGP,PD,D,PDSDALLAELKNLSAGQSQL,N/A
TableS2,A,UniParc,UPI002155E06B,,ALLQLSGDIETNPGP,PE,E,PEKAVLDELKKLSTGQATLI,N/A
TableS2,A,UniParc,UPI0021EEAF02,,DIETNPGP,PE,E,PESPSAPPHRWCIPWQRLLL,N/A
TableS2,A,UniParc,UPI0005A578EE,,DILLSGDIEENPGP,PE,E,PEGMEQVSITPEQLQMILAM,"Viruses, Riboviria, Orthornavirae, Duplornaviricota, Chrymotiviricetes, Ghabrivirales, Totiviridae, unclassified Totiviridae"
TableS2,A,UniParc,UPI0005A56449,,DILLSGDIEENPGP,PE,E,PEGMEQVSITPEQLQMILAM,"Viruses, Riboviria, Orthornavirae, Duplornaviricota, Chrymotiviricetes, Ghabrivirales, Totiviridae, unclassified Totiviridae"
TableS2,A,UniParc,UPI0005A5660E,,DILLSGDVEENPGP,PE,E,PEGMEQVSITPEQLQMILAM,"Viruses, Riboviria, Orthornavirae, Duplornaviricota, Chrymotiviricetes, Ghabrivirales, Totiviridae, unclassified Totiviridae"
TableS2,A,UniParc,UPI0005A563E3,,DILLSGDVEENPGP,PE,E,PEGMEQVSITPEQLQMILAM,"Viruses, Riboviria, Orthornavirae, Duplornaviricota, Chrymotiviricetes, Ghabrivirales, Totiviridae, unclassified Totiviridae"
TableS2,A,UniParc,UPI0004F5FA51,,DILLSGDVEENPGP,PE,E,PEGMEQVSITPEQLQMILAM,"Viruses, Riboviria, Orthornavirae, Duplornaviricota, Chrymotiviricetes, Ghabrivirales, Totiviridae, unclassified Totiviridae"
TableS2,A,UniParc,UPI001E7FA694,,DILLSGDVEENPGP,PE,E,PEGMEQVSITPEQLQMILAM,N/A
TableS2,A,UniParc,UPI000676BF22,,DILLSGDVEENPGP,PE,E,PEGMEQVSITPEQLQMILAM,"Viruses, Riboviria, Orthornavirae, Duplornaviricota, Chrymotiviricetes, Ghabrivirales, Totiviridae, unclassified Totiviridae"
TableS2,A,UniParc,UPI001A9F2020,,DLLMLCGDIETNPGP,PD,D,PDRAATMEMLTNISVDIKEI,N/A
TableS2,A,UniParc,UPI0007AA5A67,,DLLMLCGDIETNPGP,PD,D,PDTAAVMEMLTNISVDIKEI,"cellular organisms, Eukaryota, Opisthokonta, Metazoa, Eumetazoa, Bilateria, Protostomia, Ecdysozoa, Panarthropoda, Arthropoda, Chelicerata, Arachnida, Acari, Parasitiformes, Ixodida, Ixodoidea, Ixodidae, Ixodinae, Ixodes"
TableS2,A,UniParc,UPI001A9E8839,,DLLMLCGDIETNPGP,PD,D,PDRAAMMEMLTNISVDIKEI,N/A
TableS2,A,UniParc,UPI001A9EB579,,DLLMLCGDIETNPGP,PD,D,PDRAAMMEMLTNISVDIKEI,N/A
TableS2,A,UniParc,UPI001C383560,,DLLMLCGDIETNPGP,PD,D,PDRAAMMEMLTNISVDIKEI,N/A
TableS2,A,UniParc,UPI001C389A94,,DLLMLCGDIETNPGP,PD,D,PDKAAMMEMLTNISVDIKEI,N/A
TableS2,A,UniParc,UPI0007AA5682,,DLLMLCGDIETNPGP,PD,D,PDTAAVMEMLTNISVDIKEI,"cellular organisms, Eukaryota, Opisthokonta, Metazoa, Eumetazoa, Bilateria, Protostomia, Ecdysozoa, Panarthropoda, Arthropoda, Chelicerata, Arachnida, Acari, Parasitiformes, Ixodida, Ixodoidea, Ixodidae, Ixodinae, Ixodes"
TableS2,A,UniParc,UPI001A9FD7C7,,DLLMLCGDIETNPGP,PD,D,PDRAAMMEMLTNISVDIKEI,N/A
TableS2,A,UniParc,UPI001A9FF9DA,,DLLMLCGDIETNPGP,PD,D,PDRAAMMEMLTNISVDIKEI,N/A
TableS2,A,UniParc,UPI001C38698E,,DLLMLCGDIETNPGP,PD,D,PDRAAMMEMLTNISVDIKEI,N/A
TableS2,A,UniParc,UPI000FDF7024,,DLLRSGDVETNPGP,PE,E,PEPNWEKSYVVHFANYVRRC,N/A
TableS2,A,UniParc,UPI00144C6CA0,,DLLSCGDIESNPGP,PD,D,PDEGGTDTPLTMKEMAKSIL,"cellular organisms, Eukaryota, Opisthokonta, Metazoa, Eumetazoa, Bilateria, Protostomia, Ecdysozoa, Panarthropoda, Arthropoda, Chelicerata, Arachnida, Acari, Parasitiformes, Ixodida, Ixodoidea, Ixodidae, Ixodinae, Ixodes"
TableS2,A,UniParc,UPI001A48A2BB,,DLTDDGDVESNPGP,PD,D,PDSCRVLSWNAQGFNHMVEA,"cellular organisms, Eukaryota, Sar, Alveolata, Dinophyceae, Suessiales, Symbiodiniaceae, Symbiodinium, unclassified Symbiodinium"
TableS2,A,UniParc,UPI00090AEAD2,,DQLMLSGDVETNPGP,PD,D,PDTTRPPLSQEQMSAHIREQ,"Viruses, Riboviria, unclassified Riboviria, unclassified RN/A viruses ShiM-2016"
TableS2,A,UniParc,UPI00043ADBA0,,DRLLQAGDIEQNPGP,PD,D,PDRVEEMRPYGKKITFSQRQ,"Viruses, Riboviria, Orthornavirae, Pisuviricota, Pisoniviricetes, Picornavirales, Picornaviridae, Paavivirinae, Aalivirus, Aalivirus A"
TableS2,A,UniParc,UPI000DC10D01,,FDLLKLAGDVENPGP,PE,E,PEEQWAREIGAQLRRMADDL,N/A
TableS2,A,UniParc,UPI000DC0A564,,FDLLKLAGDVENPGP,PE,E,PEEQWAREIGAQLRRMADDL,N/A
TableS2,A,UniParc,UPI00016522C7,,FDLLKLAGDVESNP,PE,E,PE,"Viruses, Riboviria, Orthornavirae, Pisuviricota, Pisoniviricetes, Picornavirales, Picornaviridae, Caphthovirinae, Aphthovirus, Foot-and-mouth disease virus"
TableS2,A,UniParc,UPI000DC0564D,,FDLLKLAGDVESNPGP,PE,E,PETFEHWWSQLLSGSGVKQT,N/A
TableS2,A,UniParc,UPI000DC0C2B4,,FDLLKLAGDVESNPGP,PE,E,PEEQWAREIGAQLRRMADDL,N/A
TableS2,A,UniParc,UPI00032B3000,,FDLLKLAGDVESNPGP,PD,D,PDASVHGQIGAALLVMITLF,N/A
TableS2,A,UniParc,UPI000DC068AA,,FDLLKLAGDVESNPGP,PE,E,PEEQWAREIGAQLRRMADDL,N/A
TableS2,A,UniParc,UPI000DC0C45C,,FDLLKLAGDVESNPGP,PD,D,PDMRPEIWIAQEARRIGDEA,N/A
TableS2,A,UniParc,UPI0021EF7F17,,FDLLKLAGDVESNPGP,PD,D,PDYKDDDDKPGESLFKGPRD,N/A
TableS2,A,UniParc,UPI00032B7150,,FDLLKLAGDVESNPGP,PD,D,PDASVHGQIGAALLVMITLF,N/A
TableS2,A,UniParc,UPI000DC1148D,,FDLLKLAGDVESNPGP,PD,D,PDPVVEEHFRRSLGKNYKEG,N/A
TableS2,A,UniParc,UPI00032B4133,,FDLLKLAGDVESNPGP,PD,D,PDASVHGQIGAALLVMITLF,N/A
TableS2,A,UniParc,UPI00032B4D18,,FDLLKLAGDVESNPGP,PD,D,PDASVHGQIGAALLVMITLF,N/A
TableS2,A,UniParc,UPI000DC0879A,,FDLLKLAGDVESNPGP,PE,E,PETFEHWWAQLTSGSGVKQT,N/A
TableS2,A,UniParc,UPI000DC0DAD3,,FDLLKLAGDVESNPGP,PE,E,PEEQWAREIGAQLRRMADDL,N/A
TableS2,A,UniParc,UPI001426FC55,,FDLLKLAGDVESNPGP,PE,E,PETDTLLLWVLLLWVPGSTG,N/A
TableS2,A,UniParc,UPI00022A342C,,FDLLKLAGDVESNPGP,PE,E,PEDAKNIKKGPAPFYPLEDG,N/A
TableS2,A,UniParc,UPI000DC09998,,FDLLKLAGDVESNPGP,PD,D,PDMRPEIWIAQELRRIGDEF,N/A
TableS2,A,UniParc,UPI000DC0CAD8,,FDLLKLAGDVESNPGP,PD,D,PDFSVLQTIGDSLGSGVKQT,N/A
TableS2,A,UniParc,UPI00032B2E8C,,FDLLKLAGDVESNPGP,PD,D,PDASVHGQIGAALLVMITLF,N/A
TableS2,A,UniParc,UPI00032B645C,,FDLLKLAGDVESNPGP,PD,D,PDASVHGQIGAALLVMITLF,N/A
TableS2,A,UniParc,UPI00032B326D,,FDLLKLAGDVESNPGP,PD,D,PDASVHGQIGAALLVMITLF,N/A
TableS2,A,UniParc,UPI00032B5356,,FDLLKLAGDVESNPGP,PD,D,PDASVHGQIGAALLVMITLF,N/A
TableS2,A,UniParc,UPI000DC0C537,,FDLLKLAGDVESNPGP,PD,D,PDMRPEIWIAQELRRIGDEF,N/A
TableS2,A,UniParc,UPI00032B6107,,FDLLKLAGDVESNPGP,PD,D,PDASVHGQIGAALLVMITLF,N/A
TableS2,A,UniParc,UPI00032B39F6,,FDLLKLAGDVESNPGP,PD,D,PDASVHGQIGAALLVMITLF,N/A
TableS2,A,UniParc,UPI0008153822,,FDLLKLAGDVESNPGP,PE,E,PEFATMEDAKNIKKGPAPFY,N/A
TableS2,A,UniParc,UPI0013E74A66,,FDLLKLAGDVESNPGP,PD,D,PDMRVPAQLLGLLLLWFPGS,N/A
TableS2,A,UniParc,UPI000DC10D01,,FDLLKLAGDVESNPGP,PD,D,PDMRPEIWIAQELRRIGDEF,N/A
TableS2,A,UniParc,UPI00032B29A4,,FDLLKLAGDVESNPGP,PD,D,PDASVHGQIGAALLVMITLF,N/A
TableS2,A,UniParc,UPI0002B64B14,,FDLLKLAGDVESNPGP,PE,E,PETDTLLLWVLLLWVPGSTG,N/A
TableS2,A,UniParc,UPI000DC0D9A1,,FDLLKLAGDVESNPGP,PD,D,PDMRPEIWIAQELRRIGDEF,N/A
TableS2,A,UniParc,UPI00032B7AC6,,FDLLKLAGDVESNPGP,PD,D,PDASVHGQIGAALLVMITLF,N/A
TableS2,A,UniParc,UPI00032B34BF,,FDLLKLAGDVESNPGP,PD,D,PDASVHGQIGAALLVMITLF,N/A
TableS2,A,UniParc,UPI000DC1159B,,FDLLKLAGDVESNPGP,PE,E,PEEQWAREIGAQLRRMADDL,N/A
TableS2,A,UniParc,UPI0021EF9639,,FDLLKLAGDVESNPGP,PD,D,PDYKDDDDKPGESLFKGPRD,N/A
TableS2,A,UniParc,UPI00081C8914,,FDLLKLAGDVESNPGP,PE,E,PEFMVSKGEEDNMAIIKEFM,N/A
TableS2,A,UniParc,UPI000DC06514,,FDLLKLAGDVESNPGP,PD,D,PDMRPEIWIAQELRRIGDEF,N/A
TableS2,A,UniParc,UPI00032B841D,,FDLLKLAGDVESNPGP,PD,D,PDASVHGQIGAALLVMITLF,N/A
TableS2,A,UniParc,UPI000DC101D7,,FDLLKLAGDVESNPGP,PD,D,PDMRPEIWIAQEARRIGDEA,N/A
TableS2,A,UniParc,UPI000DC126AE,,FDLLKLAGDVESNPGP,PD,D,PDMRPEIWIAQELRRIGDEF,N/A
TableS2,A,UniParc,UPI000DC057B6,,FDLLKLAGDVESNPGP,PE,E,PETFSDLWKLLPEGSGVKQT,N/A
TableS2,A,UniParc,UPI000DC0F092,,FDLLKLAGDVESNPGP,PE,E,PEEQWAREIGAQLRRMADDL,N/A
TableS2,A,UniParc,UPI000DC0AA22,,FDLLKLAGDVESNPGP,PE,E,PEEQWAREIGAQLRRMADDL,N/A
TableS2,A,UniParc,UPI0001ED087F,,FDLLKLAGDVESNPGP,PD,D,PDLGGELCIKIKNEDLTFIA,N/A
TableS2,A,UniParc,UPI000DC0DCC8,,FDLLKLAGDVESNPGP,PD,D,PDPVVEEHFRRSLGKNYKEG,N/A
TableS2,A,UniParc,UPI00032B2D87,,FDLLKLAGDVESNPGP,PD,D,PDASVHGQIGAALLVMITLF,N/A
TableS2,A,UniParc,UPI000DC0711E,,FDLLKLAGDVESNPGP,PD,D,PDMRPEIWIAQELRRIGDEF,N/A
TableS2,A,UniParc,UPI000DC08468,,FDLLKLAGDVESNPGP,PE,E,PEEQWAREIGAQLRRMADDL,N/A
TableS2,A,UniParc,UPI00032B35A0,,FDLLKLAGDVESNPGP,PD,D,PDASVHGQIGAALLVMITLF,N/A
TableS2,A,UniParc,UPI00032B8ED3,,FDLLKLAGDVESNPGP,PD,D,PDASVHGQIGAALLVMITLF,N/A
TableS2,A,UniParc,UPI000DC09BB2,,FDLLKLAGDVESNPGP,PD,D,PDMRPEIWIAQELRRIGDEF,N/A
TableS2,A,UniParc,UPI0003E668E3,,FDLLKLAGDVESNPGP,PE,E,PEFNMVGEDSV,N/A
TableS2,A,UniParc,UPI000DC05926,,FDLLKLAGDVESNPGP,PD,D,PDMRPEIWIAQELRRIGDEF,N/A
TableS2,A,UniParc,UPI000DC0A564,,FDLLKLAGDVESNPGP,PD,D,PDMRPEIWIAQELRRIGDEF,N/A
TableS2,A,UniParc,UPI0001B30697,,FDLLKLAGDVESNPGP,PD,D,PDVQMTQSPSNLAASPGESV,N/A
TableS2,A,UniParc,UPI000DC08822,,FDLLKLAGDVESNPGP,PE,E,PEEQWAREIGAQLRRMADDL,N/A
TableS2,A,UniParc,UPI00032B2EC3,,FDLLKLAGDVESNPGP,PD,D,PDASVHGQIGAALLVMITLF,N/A
TableS2,A,UniParc,UPI0014263B39,,FDLLKLAGDVESNPGP,PD,D,PDIQLTQSPSSLSASVGDRV,N/A
TableS2,A,UniParc,UPI000DC0E593,,FDLLKLAGDVESNPGP,PD,D,PDFSVLQTIGDSLGSGVKQT,N/A
TableS2,A,UniParc,UPI002071C3A5,,FHLLLLSGDIHPNPGP,PD,D,PDSVNSSIDISYSTSESFLD,N/A
TableS2,A,UniParc,UPI0020721C12,,FHLLLLSGDIHPNPGP,PD,D,PDSVNSSIDISYSTSESFLD,N/A
TableS2,A,UniParc,UPI002071F621,,FHLLLLSGDIHPNPGP,PD,D,PDSVNSSIDISYSTSESFLD,N/A
TableS2,A,UniParc,UPI0020718E0D,,FHLLLLSGDIHPNPGP,PD,D,PDSVNSSIDISYSTSESFLD,N/A
TableS2,A,UniParc,UPI002071C55C,,FHLLLLSGDIHPNPGP,PD,D,PDSVNSSIDISYSTSESFLD,N/A
TableS2,A,UniParc,UPI000A13FE0B,,FLLILLSGDVELNPGP,PE,E,PETDKPDAPSLLCSASAELT,"cellular organisms, Eukaryota, Opisthokonta, Metazoa, Porifera, Demospongiae, Heteroscleromorpha, Haplosclerida, Niphatidae, Amphimedon"
TableS2,A,UniParc,UPI00096B5F68,,FLLILLSGDVELNPGP,PE,E,PETDKPDAPSLLCSASAELT,N/A
TableS2,A,UniParc,UPI002100DAC7,,FLLLLICGDVEMNPGP,PD,D,PDDSVLKQLLDGQKEIKKEL,N/A
TableS2,A,UniParc,UPI001A9D6676,,FLLLLLCGDIELNPGP,PD,D,PDTAATLQILLDGQNAIKAK,N/A
TableS2,A,UniParc,UPI001A9D27FC,,FLLLLLCGDIELNPGP,PD,D,PDTAATLQILLDGQNAIKAK,N/A
TableS2,A,UniParc,UPI001895DFDA,,FLLLLSGDIEQNPGP,PD,D,PDSAAVLAELKKLSSGQSKL,N/A
TableS2,A,UniParc,UPI001C748516,,FSLLKQAGDVEENPGP,PD,D,PDYKDHDGDYKDHDIDYKDD,"Viruses, Riboviria, Orthornavirae, Duplornaviricota, Resentoviricetes, Reovirales, Sedoreoviridae, Rotavirus"
TableS2,A,UniParc,UPI0011650A61,,FSLLKQAGDVEENPGP,PD,D,PDYKDHDGDYKDHDIDYKDD,N/A
TableS2,A,UniParc,UPI001C779920,,FSLLKQAGDVEENPGP,PD,D,PDYKDHDGDYKDHDIDYKDD,"Viruses, Riboviria, Orthornavirae, Duplornaviricota, Resentoviricetes, Reovirales, Sedoreoviridae, Rotavirus"
TableS2,A,UniParc,UPI001E6B91C9,,FSLLKQAGDVEENPGP,PD,D,PDYKDHDGDYKDHDIDYKDD,N/A
TableS2,A,UniParc,UPI001EA5E349,,FSLLKQAGDVEENPGP,PD,D,PDYKDHDGDYTFLYNHMVSN,N/A
TableS2,A,UniParc,UPI001764AF0F,,FSLLKQAGDVEENPGP,PD,D,PDYKDHDGDYKDHDIDYKDD,"Viruses, Riboviria, Orthornavirae, Duplornaviricota, Resentoviricetes, Reovirales, Sedoreoviridae, Rotavirus"
TableS2,A,UniParc,UPI000DC09B31,,FSLLKQAGDVEENPGP,PE,E,PEEQWAREIGAQLRRMADDL,N/A
TableS2,A,UniParc,UPI001C78D610,,FSLLKQAGDVEENPGP,PD,D,PDYKDHDGDYKDHDIDYKDD,"Viruses, Riboviria, Orthornavirae, Duplornaviricota, Resentoviricetes, Reovirales, Sedoreoviridae, Rotavirus"
TableS2,A,UniParc,UPI001753B339,,FSLLKQAGDVEENPGP,PD,D,PDYKDHDGDYKDHDIDYKDD,"Viruses, Riboviria, Orthornavirae, Duplornaviricota, Resentoviricetes, Reovirales, Sedoreoviridae, Rotavirus"
TableS2,A,UniParc,UPI0013E43C2F,,FSLLKQAGDVEENPGP,PD,D,PDYKDHDGDYKDHDIDYKDD,N/A
TableS2,A,UniParc,UPI001C7430F0,,FSLLKQAGDVEENPGP,PD,D,PDYKDHDGDYKDHDIDYKDD,"Viruses, Riboviria, Orthornavirae, Duplornaviricota, Resentoviricetes, Reovirales, Sedoreoviridae, Rotavirus"
TableS2,A,UniParc,UPI0010A710DC,,FSLLKQAGDVEENPGP,PE,E,PEFMTEYKPTVRLATRDDVP,N/A
TableS2,A,UniParc,UPI0010A70CF6,,FSLLKQAGDVEENPGP,PE,E,PEFMTEYKPTVRLATRDDVP,N/A
TableS2,A,UniParc,UPI0010A6D95D,,FSLLKQAGDVEENPGP,PE,E,PEFMTEYKPTVRLATRDDVP,N/A
TableS2,A,UniParc,UPI001777743B,,FSLLKQAGDVEENPGP,PD,D,PDYKDHDGDYKDHDIDYKDD,"Viruses, Riboviria, Orthornavirae, Duplornaviricota, Resentoviricetes, Reovirales, Sedoreoviridae, Rotavirus"
TableS2,A,UniParc,UPI00175EF1D9,,FSLLKQAGDVEENPGP,PD,D,PDYKDHDGDYKDHDIDYKDD,"Viruses, Riboviria, Orthornavirae, Duplornaviricota, Resentoviricetes, Reovirales, Sedoreoviridae, Rotavirus"
TableS2,A,UniParc,UPI000DC0DA58,,FSLLKQAGDVEENPGP,PE,E,PEEQWAREIGAQLRRMADDL,N/A
TableS2,A,UniParc,UPI0011659904,,FSLLKQAGDVEENPGP,PD,D,PDYKDHDGDYKDHDIDYKDD,N/A
TableS2,A,UniParc,UPI0013E494A3,,FSLLKQAGDVEENPGP,PD,D,PDYKDHDGDYKDHDIDYKDD,N/A
TableS2,A,UniParc,UPI0010A6C713,,FSLLKQAGDVEENPGP,PE,E,PEFMTEYKPTVRLATRDDVP,N/A
TableS2,A,UniParc,UPI001165B028,,FSLLKQAGDVEENPGP,PD,D,PDYKDHDGDYKDHDIDYKDD,N/A
TableS2,A,UniParc,UPI001C770467,,FSLLKQAGDVEENPGP,PD,D,PDYKDHDGDYKDHDIDYKDD,"Viruses, Riboviria, Orthornavirae, Duplornaviricota, Resentoviricetes, Reovirales, Sedoreoviridae, Rotavirus"
TableS2,A,UniParc,UPI001165B97D,,FSLLKQAGDVEENPGP,PD,D,PDYKDHDGDYKDHDIDYKDD,N/A
TableS2,A,UniParc,UPI00116563C0,,FSLLKQAGDVEENPGP,PD,D,PDYKDHDGDYKDHDIDYKDD,N/A
TableS2,A,UniParc,UPI0011628937,,FSLLKQAGDVEENPGP,PD,D,PDYKDHDGDYKDHDIDYKDD,N/A
TableS2,A,UniParc,UPI001EAC1CDB,,FSLLKQAGDVEENPGP,PD,D,PDYKDHDGDYKDHDIDYKDD,N/A
TableS2,A,UniParc,UPI001C74A3EE,,FSLLKQAGDVEENPGP,PD,D,PDYKDHDGDYKDHDIDYKDD,"Viruses, Riboviria, Orthornavirae, Duplornaviricota, Resentoviricetes, Reovirales, Sedoreoviridae, Rotavirus"
TableS2,A,UniParc,UPI000BADD7A3,,FWLLMLCGDVELNPGP,PD,D,PDIELVYKNRGFYKHYGVRV,"Viruses, Riboviria, Orthornavirae, Pisuviricota, Pisoniviricetes, Picornavirales, Picornaviridae, unclassified Picornaviridae"
TableS2,A,UniParc,UPI001886E832,,HLLICAGDVELNPGP,PD,D,PDKVDQVVALVKEFTASNER,N/A
TableS2,A,UniParc,UPI000A13AF24,,HLLLFLSGDVELNPGP,PD,D,PDPTEAYKKIKDILRSQYAT,"cellular organisms, Eukaryota, Opisthokonta, Metazoa, Porifera, Demospongiae, Heteroscleromorpha, Haplosclerida, Niphatidae, Amphimedon"
TableS2,A,UniParc,UPI00189C24BA,,HLLLIMCGDIEENPGP,PD,D,PDSDVKGNLNPDSDVLQQIL,N/A
TableS2,A,UniParc,UPI001FC73D94,,HLLVCAGDVETNPGP,PE,E,PEKLDQVLTLVKELITSNHK,"cellular organisms, Eukaryota, Opisthokonta, Metazoa, Eumetazoa, Bilateria, Protostomia, Ecdysozoa, Panarthropoda, Arthropoda, Chelicerata, Arachnida, Acari, Parasitiformes, Ixodida, Ixodoidea, Ixodidae, Haemaphysalinae, Haemaphysalis"
TableS2,A,UniParc,UPI000586102D,,HSDILLGGDIEENPGP,PD,D,PDSLMDAVLKDLTQEAANLP,"Viruses, Riboviria, Orthornavirae, Pisuviricota, Pisoniviricetes, Picornavirales, Picornaviridae, Paavivirinae, Shanbavirus, Shanbavirus A"
TableS2,A,UniParc,UPI000585E5CD,,HSDILLGGDIEENPGP,PD,D,PDSLMDAVLKDLTQEAANLP,"Viruses, Riboviria, Orthornavirae, Pisuviricota, Pisoniviricetes, Picornavirales, Picornaviridae, Paavivirinae, Shanbavirus, Shanbavirus A"
TableS2,A,UniParc,UPI00058629DB,,HSDILLGGDIEENPGP,PD,D,PDSLMDAVLKDLTQEAANLP,"Viruses, Riboviria, Orthornavirae, Pisuviricota, Pisoniviricetes, Picornavirales, Picornaviridae, Paavivirinae, Shanbavirus, Shanbavirus A"
TableS2,A,UniParc,UPI0005863220,,HSDILLGGDIEENPGP,PD,D,PDSLMDAVLKDLTQEAANLP,"Viruses, Riboviria, Orthornavirae, Pisuviricota, Pisoniviricetes, Picornavirales, Picornaviridae, Paavivirinae, Shanbavirus, Shanbavirus A"
TableS2,A,UniParc,UPI000585DAFD,,HSDILLGGDIEENPGP,PD,D,PDSLMDAVLKDLTQEAANLP,"Viruses, Riboviria, Orthornavirae, Pisuviricota, Pisoniviricetes, Picornavirales, Picornaviridae, Caphthovirinae, Mischivirus, Mischivirus B"
TableS2,A,UniParc,UPI000585ED05,,HSDILLGGDIEENPGP,PD,D,PDSLMDAVLKDLTQEAANLP,"Viruses, Riboviria, Orthornavirae, Pisuviricota, Pisoniviricetes, Picornavirales, Picornaviridae, Paavivirinae, Shanbavirus, Shanbavirus A"
TableS2,A,UniParc,UPI0021554E34,,HSLLMLSGDVEANPGP,PE,E,PEGNAAVLAELQKLNAGQTL,N/A
TableS2,A,UniParc,UPI0021553106,,HSLLMLSGDVEANPGP,PE,E,PEGNAAVLAELQKLNAGQTL,N/A
TableS2,A,UniParc,UPI002155A453,,HSLLMLSGDVEANPGP,PE,E,PEGNAAVLAELQKLNAVQTL,N/A
TableS2,A,UniParc,UPI0021554FEE,,HSLLMLSGDVEANPGP,PE,E,PEGNAAVLAELQKLNVGQTL,N/A
TableS2,A,UniParc,UPI002155AE55,,HSLLMLSGDVETNPGP,PE,E,PEGNAAVLTELQKLNAGQTL,N/A
TableS2,A,UniParc,UPI0021557730,,HSLLMLSGDVETNPGP,PE,E,PEGNAAVLAELQKLNAGQTL,N/A
TableS2,A,UniParc,UPI0021C51B22,,HSLLMLSGDVETNPGP,PE,E,PEGNAAVLAELQKLNAGQTL,N/A
TableS2,A,UniParc,UPI0021553750,,HSLLMLSGDVETNPGP,PE,E,PEGNAAVLAELQKLNAGQTL,N/A
TableS2,A,UniParc,UPI001889564B,,ILILLAGDVEQNPGP,PD,D,PDTDDLIKMVNTMLASQEEL,N/A
TableS2,A,UniParc,UPI0010C6F80A,,ILLIRSGDVESNPGP,PD,D,PDRNVSEKEFLRLSKKIDPS,N/A
TableS2,A,UniParc,UPI00123BACF8,,ILLIRSGDVESNPGP,PD,D,PDRNVSEKEFLRLSKKIDPS,"cellular organisms, Eukaryota, Opisthokonta, Metazoa, Eumetazoa, Bilateria, Deuterostomia, Echinodermata, Eleutherozoa, Echinozoa, Echinoidea, Euechinoidea, Echinacea, Camarodonta, Echinidea, Strongylocentrotidae, Strongylocentrotus"
TableS2,A,UniParc,UPI001238DE5D,,ILLKKSGDVETNPGP,PD,D,PDRIVSEAEFIKLSKLIEPS,"cellular organisms, Eukaryota, Opisthokonta, Metazoa, Eumetazoa, Bilateria, Deuterostomia, Echinodermata, Eleutherozoa, Echinozoa, Echinoidea, Euechinoidea, Echinacea, Camarodonta, Echinidea, Strongylocentrotidae, Strongylocentrotus"
TableS2,A,UniParc,UPI001E74CE2F,,ILLLLSGDIESNPGP,PD,D,PDYIDYKETCRRQHKRKRVS,N/A
TableS2,A,UniParc,UPI001316657A,,ILLLLSGDVETNPGP,PD,D,PDYIDYKETCRRQHKRKRVS,"Viruses, Riboviria, Orthornavirae, Pisuviricota, Pisoniviricetes, Picornavirales, Dicistroviridae, unclassified Dicistroviridae"
TableS2,A,UniParc,UPI00123B3B10,,ILLLLSGQVEPNPGP,PD,D,PDTPPTCVICKSDVSVNDKA,"cellular organisms, Eukaryota, Opisthokonta, Metazoa, Eumetazoa, Bilateria, Deuterostomia, Echinodermata, Eleutherozoa, Echinozoa, Echinoidea, Euechinoidea, Echinacea, Camarodonta, Echinidea, Strongylocentrotidae, Strongylocentrotus"
TableS2,A,UniParc,UPI0010C6D207,,ILLLLSGQVEPNPGP,PD,D,PDTPPTCVICKSDVSVNDKA,N/A
TableS2,A,UniParc,UPI001E846580,,ILLLRGGDVHPNPGP,PD,D,PDSSLDMSSSSLGISFSSSI,"cellular organisms, Eukaryota, Opisthokonta, Metazoa, Eumetazoa, Bilateria, Protostomia, Spiralia, Lophotrochozoa, Mollusca, Bivalvia, Autobranchia, Heteroconchia, Euheterodonta, Imparidentia, Neoheterodontei, Myida, Dreissenoidea, Dreissenidae, Dreissena"
TableS2,A,UniParc,UPI001E8C6838,,ILLLRGGDVHPNPGP,PD,D,PDSSLDMSSSSSVKMNLFLL,"cellular organisms, Eukaryota, Opisthokonta, Metazoa, Eumetazoa, Bilateria, Protostomia, Spiralia, Lophotrochozoa, Mollusca, Bivalvia, Autobranchia, Heteroconchia, Euheterodonta, Imparidentia, Neoheterodontei, Myida, Dreissenoidea, Dreissenidae, Dreissena"
TableS2,A,UniParc,UPI001E8C0CBF,,ILLLRGGDVHPNPGP,PD,D,PDSSLDMSSSSSGTSFSSSI,"cellular organisms, Eukaryota, Opisthokonta, Metazoa, Eumetazoa, Bilateria, Protostomia, Spiralia, Lophotrochozoa, Mollusca, Bivalvia, Autobranchia, Heteroconchia, Euheterodonta, Imparidentia, Neoheterodontei, Myida, Dreissenoidea, Dreissenidae, Dreissena"
TableS2,A,UniParc,UPI001E8B0F34,,ILLLRGGDVHPNPGP,PD,D,PDSSLDMSSSSLGTSFSSSI,"cellular organisms, Eukaryota, Opisthokonta, Metazoa, Eumetazoa, Bilateria, Protostomia, Spiralia, Lophotrochozoa, Mollusca, Bivalvia, Autobranchia, Heteroconchia, Euheterodonta, Imparidentia, Neoheterodontei, Myida, Dreissenoidea, Dreissenidae, Dreissena"
TableS2,A,UniParc,UPI00123B8D36,,ILLMRSGDVEINPGP,PD,D,PDRIVSEAEFIKLSKLIEPS,"cellular organisms, Eukaryota, Opisthokonta, Metazoa, Eumetazoa, Bilateria, Deuterostomia, Echinodermata, Eleutherozoa, Echinozoa, Echinoidea, Euechinoidea, Echinacea, Camarodonta, Echinidea, Strongylocentrotidae, Strongylocentrotus"
TableS2,A,UniParc,UPI00123B5B14,,ILLMRSGDVEINPGP,PD,D,PDRIVSEKEFLKLSKQIEPR,"cellular organisms, Eukaryota, Opisthokonta, Metazoa, Eumetazoa, Bilateria, Deuterostomia, Echinodermata, Eleutherozoa, Echinozoa, Echinoidea, Euechinoidea, Echinacea, Camarodonta, Echinidea, Strongylocentrotidae, Strongylocentrotus"
TableS2,A,UniParc,UPI00123B6B97,,ILLMRSGDVETNPGP,PD,D,PDRIVSEKEFLKLSKQIEPS,"cellular organisms, Eukaryota, Opisthokonta, Metazoa, Eumetazoa, Bilateria, Deuterostomia, Echinodermata, Eleutherozoa, Echinozoa, Echinoidea, Euechinoidea, Echinacea, Camarodonta, Echinidea, Strongylocentrotidae, Strongylocentrotus"
TableS2,A,UniParc,UPI00123C6A76,,ILLMRSGDVETNPGP,PD,D,PDTAESTVSDMEFLKLAHAI,"cellular organisms, Eukaryota, Opisthokonta, Metazoa, Eumetazoa, Bilateria, Deuterostomia, Echinodermata, Eleutherozoa, Echinozoa, Echinoidea, Euechinoidea, Echinacea, Camarodonta, Echinidea, Strongylocentrotidae, Strongylocentrotus"
TableS2,A,UniParc,UPI0010C6475D,,ILLMRSGDVETNPGP,PD,D,PDRIVSEKEFLKLSKQIEPS,N/A
TableS2,A,UniParc,UPI001238F980,,ILLMRSGDVETNPGP,PD,D,PDRIVSEEEFIKLSKMIEPT,"cellular organisms, Eukaryota, Opisthokonta, Metazoa, Eumetazoa, Bilateria, Deuterostomia, Echinodermata, Eleutherozoa, Echinozoa, Echinoidea, Euechinoidea, Echinacea, Camarodonta, Echinidea, Strongylocentrotidae, Strongylocentrotus"
TableS2,A,UniParc,UPI0010C6EA42,,ILLMRSGDVETNPGP,PD,D,PDRIVSEEEFMRLSKLIEPS,N/A
TableS2,A,UniParc,UPI00123AE45F,,ILLMRSGDVETNPGP,PD,D,PDRIVSEKEFLKLSKQIEPS,"cellular organisms, Eukaryota, Opisthokonta, Metazoa, Eumetazoa, Bilateria, Deuterostomia, Echinodermata, Eleutherozoa, Echinozoa, Echinoidea, Euechinoidea, Echinacea, Camarodonta, Echinidea, Strongylocentrotidae, Strongylocentrotus"
TableS2,A,UniParc,UPI00123BAAD8,,ILLMRSGDVETNPGP,PD,D,PDRIVSEKEFLKLSKQIEPS,"cellular organisms, Eukaryota, Opisthokonta, Metazoa, Eumetazoa, Bilateria, Deuterostomia, Echinodermata, Eleutherozoa, Echinozoa, Echinoidea, Euechinoidea, Echinacea, Camarodonta, Echinidea, Strongylocentrotidae, Strongylocentrotus"
TableS2,A,UniParc,UPI00123AF190,,ILLMRSGDVETNPGP,PD,D,PDRIVSEKEFLKLSKQIEPS,"cellular organisms, Eukaryota, Opisthokonta, Metazoa, Eumetazoa, Bilateria, Deuterostomia, Echinodermata, Eleutherozoa, Echinozoa, Echinoidea, Euechinoidea, Echinacea, Camarodonta, Echinidea, Strongylocentrotidae, Strongylocentrotus"
TableS2,A,UniParc,UPI0010C72F14,,ILLMRSGDVETNPGP,PD,D,PDRIVSEKEFLKLSKQIEPS,N/A
TableS2,A,UniParc,UPI00123AAC0A,,ILLMRSGDVETNPGP,PD,D,PDRIVSEKEFLKLSKLIEPN,"cellular organisms, Eukaryota, Opisthokonta, Metazoa, Eumetazoa, Bilateria, Deuterostomia, Echinodermata, Eleutherozoa, Echinozoa, Echinoidea, Euechinoidea, Echinacea, Camarodonta, Echinidea, Strongylocentrotidae, Strongylocentrotus"
TableS2,A,UniParc,UPI00123A481B,,ILLMRSGDVETNPGP,PD,D,PDRIVSEKEFLKLSKQIKPS,"cellular organisms, Eukaryota, Opisthokonta, Metazoa, Eumetazoa, Bilateria, Deuterostomia, Echinodermata, Eleutherozoa, Echinozoa, Echinoidea, Euechinoidea, Echinacea, Camarodonta, Echinidea, Strongylocentrotidae, Strongylocentrotus"
TableS2,A,UniParc,UPI00123C6EFD,,ILLMRSGDVETNPGP,PD,D,PDRIVSDEEFIKLSTLIATC,"cellular organisms, Eukaryota, Opisthokonta, Metazoa, Eumetazoa, Bilateria, Deuterostomia, Echinodermata, Eleutherozoa, Echinozoa, Echinoidea, Euechinoidea, Echinacea, Camarodonta, Echinidea, Strongylocentrotidae, Strongylocentrotus"
TableS2,A,UniParc,UPI001238D256,,ILLMRSGDVETNPGP,PD,D,PDRIVSEKEFLKLSKQIEPS,"cellular organisms, Eukaryota, Opisthokonta, Metazoa, Eumetazoa, Bilateria, Deuterostomia, Echinodermata, Eleutherozoa, Echinozoa, Echinoidea, Euechinoidea, Echinacea, Camarodonta, Echinidea, Strongylocentrotidae, Strongylocentrotus"
TableS2,A,UniParc,UPI0010C69149,,ILLMRSGDVETNPGP,PD,D,PDRIVSEKEFLKLSKKIDPS,N/A
TableS2,A,UniParc,UPI00123A3EA2,,ILLMRSGDVETNPGP,PD,D,PDRIVSEKEFLKLSKQIEPS,"cellular organisms, Eukaryota, Opisthokonta, Metazoa, Eumetazoa, Bilateria, Deuterostomia, Echinodermata, Eleutherozoa, Echinozoa, Echinoidea, Euechinoidea, Echinacea, Camarodonta, Echinidea, Strongylocentrotidae, Strongylocentrotus"
TableS2,A,UniParc,UPI001239B48F,,ILLMRSGDVETNPGP,PD,D,PDSIVSEEEFIKLSEQIGPS,"cellular organisms, Eukaryota, Opisthokonta, Metazoa, Eumetazoa, Bilateria, Deuterostomia, Echinodermata, Eleutherozoa, Echinozoa, Echinoidea, Euechinoidea, Echinacea, Camarodonta, Echinidea, Strongylocentrotidae, Strongylocentrotus"
TableS2,A,UniParc,UPI0012386908,,ILLMRSGDVETNPGP,PD,D,PDRIVSEKEFLKLSKQIKPS,"cellular organisms, Eukaryota, Opisthokonta, Metazoa, Eumetazoa, Bilateria, Deuterostomia, Echinodermata, Eleutherozoa, Echinozoa, Echinoidea, Euechinoidea, Echinacea, Camarodonta, Echinidea, Strongylocentrotidae, Strongylocentrotus"
TableS2,A,UniParc,UPI001238B5AA,,ILLMRSGDVETNPGP,PD,D,PDRIVSEKEFLKLSKQIKPS,"cellular organisms, Eukaryota, Opisthokonta, Metazoa, Eumetazoa, Bilateria, Deuterostomia, Echinodermata, Eleutherozoa, Echinozoa, Echinoidea, Euechinoidea, Echinacea, Camarodonta, Echinidea, Strongylocentrotidae, Strongylocentrotus"
TableS2,A,UniParc,UPI0012385549,,ILLMRSGDVETNPGP,PD,D,PDRIVSEEEFIKLTTLIAPS,"cellular organisms, Eukaryota, Opisthokonta, Metazoa, Eumetazoa, Bilateria, Deuterostomia, Echinodermata, Eleutherozoa, Echinozoa, Echinoidea, Euechinoidea, Echinacea, Camarodonta, Echinidea, Strongylocentrotidae, Strongylocentrotus"
TableS2,A,UniParc,UPI0005EE204C,,ILLMRSGDVETNPGP,PD,D,PDTAESTVSDMEFLKLAHAI,"cellular organisms, Eukaryota, Opisthokonta, Metazoa, Eumetazoa, Bilateria, Deuterostomia, Echinodermata, Eleutherozoa, Echinozoa, Echinoidea, Euechinoidea, Echinacea, Camarodonta, Echinidea, Strongylocentrotidae, Strongylocentrotus"
TableS2,A,UniParc,UPI001238F9D1,,ILLMRSGDVETNPGP,PD,D,PDRIVSEKEFLKLSKQIEPS,"cellular organisms, Eukaryota, Opisthokonta, Metazoa, Eumetazoa, Bilateria, Deuterostomia, Echinodermata, Eleutherozoa, Echinozoa, Echinoidea, Euechinoidea, Echinacea, Camarodonta, Echinidea, Strongylocentrotidae, Strongylocentrotus"
TableS2,A,UniParc,UPI0010C6DB2C,,ILLMRSGDVETNPGP,PD,D,PDRIVSEKEFLKLSKQIEPS,N/A
TableS2,A,UniParc,UPI00123B2935,,ILLMRSGDVETNPGP,PD,D,PDRIVSEEEFIKLSKLIEPS,"cellular organisms, Eukaryota, Opisthokonta, Metazoa, Eumetazoa, Bilateria, Deuterostomia, Echinodermata, Eleutherozoa, Echinozoa, Echinoidea, Euechinoidea, Echinacea, Camarodonta, Echinidea, Strongylocentrotidae, Strongylocentrotus"
TableS2,A,UniParc,UPI001238D7C6,,ILLMRSGDVETNPGP,PD,D,PDRIGIEKEFLKLSKLIGPS,"cellular organisms, Eukaryota, Opisthokonta, Metazoa, Eumetazoa, Bilateria, Deuterostomia, Echinodermata, Eleutherozoa, Echinozoa, Echinoidea, Euechinoidea, Echinacea, Camarodonta, Echinidea, Strongylocentrotidae, Strongylocentrotus"
TableS2,A,UniParc,UPI00123B5F8D,,ILLMRSGDVETNPGP,PD,D,PDRIVSEKEFLKLSKQIKPS,"cellular organisms, Eukaryota, Opisthokonta, Metazoa, Eumetazoa, Bilateria, Deuterostomia, Echinodermata, Eleutherozoa, Echinozoa, Echinoidea, Euechinoidea, Echinacea, Camarodonta, Echinidea, Strongylocentrotidae, Strongylocentrotus"
TableS2,A,UniParc,UPI0010C67278,,ILLMRSGDVETNPGP,PD,D,PDRIVSEKEFLKLSKQIEPS,N/A
TableS2,A,UniParc,UPI00123A180C,,ILLMRSGDVETNPGP,PD,D,PDRIVSEREFFKLSKQIDPS,"cellular organisms, Eukaryota, Opisthokonta, Metazoa, Eumetazoa, Bilateria, Deuterostomia, Echinodermata, Eleutherozoa, Echinozoa, Echinoidea, Euechinoidea, Echinacea, Camarodonta, Echinidea, Strongylocentrotidae, Strongylocentrotus"
TableS2,A,UniParc,UPI001239096F,,ILLMRSGDVETNPGP,PD,D,PDRIVSEKDFLKLSKQIEPS,"cellular organisms, Eukaryota, Opisthokonta, Metazoa, Eumetazoa, Bilateria, Deuterostomia, Echinodermata, Eleutherozoa, Echinozoa, Echinoidea, Euechinoidea, Echinacea, Camarodonta, Echinidea, Strongylocentrotidae, Strongylocentrotus"
TableS2,A,UniParc,UPI00123BA168,,ILLMRSGDVETNPGP,PD,D,PDTAESTVSEMEFLKLAHAI,"cellular organisms, Eukaryota, Opisthokonta, Metazoa, Eumetazoa, Bilateria, Deuterostomia, Echinodermata, Eleutherozoa, Echinozoa, Echinoidea, Euechinoidea, Echinacea, Camarodonta, Echinidea, Strongylocentrotidae, Strongylocentrotus"
TableS2,A,UniParc,UPI0012388FC8,,ILLMRSGDVETNPGP,PD,D,PDRIVSEKEFLKLSKQIKPS,"cellular organisms, Eukaryota, Opisthokonta, Metazoa, Eumetazoa, Bilateria, Deuterostomia, Echinodermata, Eleutherozoa, Echinozoa, Echinoidea, Euechinoidea, Echinacea, Camarodonta, Echinidea, Strongylocentrotidae, Strongylocentrotus"
TableS2,A,UniParc,UPI0010C6D583,,ILLMRSGDVETNPGP,PD,D,PDRIVSEKEFLKLSKQIEPS,N/A
TableS2,A,UniParc,UPI00123C00A0,,ILLMRSGDVETNPGP,PD,D,PDTAESTVSEKEFLKLAQAI,"cellular organisms, Eukaryota, Opisthokonta, Metazoa, Eumetazoa, Bilateria, Deuterostomia, Echinodermata, Eleutherozoa, Echinozoa, Echinoidea, Euechinoidea, Echinacea, Camarodonta, Echinidea, Strongylocentrotidae, Strongylocentrotus"
TableS2,A,UniParc,UPI00123943B4,,ILLMRSGDVETNPGP,PD,D,PDRIVSEEEFIKLSKLIAPS,"cellular organisms, Eukaryota, Opisthokonta, Metazoa, Eumetazoa, Bilateria, Deuterostomia, Echinodermata, Eleutherozoa, Echinozoa, Echinoidea, Euechinoidea, Echinacea, Camarodonta, Echinidea, Strongylocentrotidae, Strongylocentrotus"
TableS2,A,UniParc,UPI00123A5CF1,,ILLMRSGDVETNPGP,PD,D,PDRIVSEKEFLKLSKQIEPS,"cellular organisms, Eukaryota, Opisthokonta, Metazoa, Eumetazoa, Bilateria, Deuterostomia, Echinodermata, Eleutherozoa, Echinozoa, Echinoidea, Euechinoidea, Echinacea, Camarodonta, Echinidea, Strongylocentrotidae, Strongylocentrotus"
TableS2,A,UniParc,UPI0012384067,,ILLMRSGDVETNPGP,PD,D,PDRIVSEKEFLMLSKQIGPS,"cellular organisms, Eukaryota, Opisthokonta, Metazoa, Eumetazoa, Bilateria, Deuterostomia, Echinodermata, Eleutherozoa, Echinozoa, Echinoidea, Euechinoidea, Echinacea, Camarodonta, Echinidea, Strongylocentrotidae, Strongylocentrotus"
TableS2,A,UniParc,UPI0010C6AC3F,,ILLMRSGDVETNPGP,PD,D,PDRIVSEKEFLKLSKQIEPS,N/A
TableS2,A,UniParc,UPI001238EBF0,,ILLMRSGDVETNPGP,PD,D,PDRIVSEKEFLKLSKQIEPS,"cellular organisms, Eukaryota, Opisthokonta, Metazoa, Eumetazoa, Bilateria, Deuterostomia, Echinodermata, Eleutherozoa, Echinozoa, Echinoidea, Euechinoidea, Echinacea, Camarodonta, Echinidea, Strongylocentrotidae, Strongylocentrotus"
TableS2,A,UniParc,UPI001238CED6,,ILLMRSGDVETNPGP,PD,D,PDRIVSEEEFLKLSKLIEPA,"cellular organisms, Eukaryota, Opisthokonta, Metazoa, Eumetazoa, Bilateria, Deuterostomia, Echinodermata, Eleutherozoa, Echinozoa, Echinoidea, Euechinoidea, Echinacea, Camarodonta, Echinidea, Strongylocentrotidae, Strongylocentrotus"
TableS2,A,UniParc,UPI001238DA67,,ILLMRSGDVETNPGP,PD,D,PDRIVSEDEFIKLSKLIEPS,"cellular organisms, Eukaryota, Opisthokonta, Metazoa, Eumetazoa, Bilateria, Deuterostomia, Echinodermata, Eleutherozoa, Echinozoa, Echinoidea, Euechinoidea, Echinacea, Camarodonta, Echinidea, Strongylocentrotidae, Strongylocentrotus"
TableS2,A,UniParc,UPI00123B7D87,,ILLMRSGDVETNPGP,PD,D,PDRIVSEKEFLKLSKQIEPS,"cellular organisms, Eukaryota, Opisthokonta, Metazoa, Eumetazoa, Bilateria, Deuterostomia, Echinodermata, Eleutherozoa, Echinozoa, Echinoidea, Euechinoidea, Echinacea, Camarodonta, Echinidea, Strongylocentrotidae, Strongylocentrotus"
TableS2,A,UniParc,UPI00123A7F97,,ILLMRSGDVETNPGP,PD,D,PDRIVSEEEFIKLSKLIEPG,"cellular organisms, Eukaryota, Opisthokonta, Metazoa, Eumetazoa, Bilateria, Deuterostomia, Echinodermata, Eleutherozoa, Echinozoa, Echinoidea, Euechinoidea, Echinacea, Camarodonta, Echinidea, Strongylocentrotidae, Strongylocentrotus"
TableS2,A,UniParc,UPI0005EF2BE4,,ILLMRSGDVETNPGP,PD,D,PDRIVSEEEFIKLSKLIKPY,"cellular organisms, Eukaryota, Opisthokonta, Metazoa, Eumetazoa, Bilateria, Deuterostomia, Echinodermata, Eleutherozoa, Echinozoa, Echinoidea, Euechinoidea, Echinacea, Camarodonta, Echinidea, Strongylocentrotidae, Strongylocentrotus"
TableS2,A,UniParc,UPI0010C743DA,,ILLMRSGDVETNPGP,PD,D,PDRIVSEKEFLKLSKQIEPS,N/A
TableS2,A,UniParc,UPI0012398129,,ILLMRSGDVETNPGP,PD,D,PDRIVSEEEFIKLSKLIEPS,"cellular organisms, Eukaryota, Opisthokonta, Metazoa, Eumetazoa, Bilateria, Deuterostomia, Echinodermata, Eleutherozoa, Echinozoa, Echinoidea, Euechinoidea, Echinacea, Camarodonta, Echinidea, Strongylocentrotidae, Strongylocentrotus"
TableS2,A,UniParc,UPI00123B3948,,ILLMRSGDVETNPGP,PD,D,PDRIVSEKEFLKLSKLIEPN,"cellular organisms, Eukaryota, Opisthokonta, Metazoa, Eumetazoa, Bilateria, Deuterostomia, Echinodermata, Eleutherozoa, Echinozoa, Echinoidea, Euechinoidea, Echinacea, Camarodonta, Echinidea, Strongylocentrotidae, Strongylocentrotus"
TableS2,A,UniParc,UPI0012389822,,ILLMRSGDVETNPGP,PD,D,PDRIVSEREFFKLSKQIDPS,"cellular organisms, Eukaryota, Opisthokonta, Metazoa, Eumetazoa, Bilateria, Deuterostomia, Echinodermata, Eleutherozoa, Echinozoa, Echinoidea, Euechinoidea, Echinacea, Camarodonta, Echinidea, Strongylocentrotidae, Strongylocentrotus"
TableS2,A,UniParc,UPI000655F7D8,,ILLSGDVEENPGP,PE,E,PEGMEQVSITPEQLQMILAM,"Viruses, Riboviria, Orthornavirae, Duplornaviricota, Chrymotiviricetes, Ghabrivirales, Totiviridae, unclassified Totiviridae"
TableS2,A,UniParc,UPI00123A2538,,ILLVRSGDVETNPGP,PD,D,PDRIVSEEEFMELSKLIAPS,"cellular organisms, Eukaryota, Opisthokonta, Metazoa, Eumetazoa, Bilateria, Deuterostomia, Echinodermata, Eleutherozoa, Echinozoa, Echinoidea, Euechinoidea, Echinacea, Camarodonta, Echinidea, Strongylocentrotidae, Strongylocentrotus"
TableS2,A,UniParc,UPI000810F69B,,ILVSGDVELNPGP,PD,D,PDILVKLNDYKTRYGLNIKC,"Viruses, Riboviria, Orthornavirae, Duplornaviricota, Resentoviricetes, Reovirales, Sedoreoviridae, Rotavirus, Rotavirus C"
TableS2,A,UniParc,UPI000DC78273,,ILVSGDVELNPGP,PD,D,PDILVKLNDYKTRYGLNIKC,"Viruses, Riboviria, Orthornavirae, Duplornaviricota, Resentoviricetes, Reovirales, Sedoreoviridae, Rotavirus, Rotavirus C"
TableS2,A,UniParc,UPI001E8034EF,,ILVSGDVELNPGP,PD,D,PDILVTLNDYKTKYGLNIKC,N/A
TableS2,A,UniParc,UPI000DC0DAD3,,KAGDVESNPGP,PE,E,PEEQWAREIGAQLRRMADDN,N/A
TableS2,A,UniParc,UPI000DC0AA22,,KAGDVESNPGP,PE,E,PEEQWAREIGAQLRRMADDN,N/A
TableS2,A,UniParc,UPI00071EF7B0,,KILISGDIELNPGP,PD,D,PDILVTLNDYITKYQLKLEY,"Viruses, Riboviria, Orthornavirae, Duplornaviricota, Resentoviricetes, Reovirales, Sedoreoviridae, Rotavirus, Rotavirus C"
TableS2,A,UniParc,UPI00006C6885,,KILISGDIELNPGP,PD,D,PDILVTLNDYITKYQLKLEC,"Viruses, Riboviria, Orthornavirae, Duplornaviricota, Resentoviricetes, Reovirales, Sedoreoviridae, Rotavirus, Rotavirus C"
TableS2,A,UniParc,UPI000217814E,,KILISGDIELNPGP,PD,D,PDILVTLNDYITKYQLKLEC,"Viruses, Riboviria, Orthornavirae, Duplornaviricota, Resentoviricetes, Reovirales, Sedoreoviridae, Rotavirus, Rotavirus C"
TableS2,A,UniParc,UPI0007AAD3C1,,KILISGDIELNPGP,PD,D,PDILVTLNDYITKYQLKLEC,"Viruses, Riboviria, Orthornavirae, Duplornaviricota, Resentoviricetes, Reovirales, Sedoreoviridae, Rotavirus, Rotavirus C"
TableS2,A,UniParc,UPI00072F4B08,,KILISGDIELNPGP,PD,D,PDILVTLNDYITKYQLKLEC,"Viruses, Riboviria, Orthornavirae, Duplornaviricota, Resentoviricetes, Reovirales, Sedoreoviridae, Rotavirus"
TableS2,A,UniParc,UPI001004F7F6,,KILISGDIELNPGP,PD,D,PDILVTLNDYITKYQLKLEY,"Viruses, Riboviria, Orthornavirae, Duplornaviricota, Resentoviricetes, Reovirales, Sedoreoviridae, Rotavirus"
TableS2,A,UniParc,UPI0001F2559C,,KILISGDIELNPGP,PD,D,PDILVTLNDYITKYQLKLEC,"Viruses, Riboviria, Orthornavirae, Duplornaviricota, Resentoviricetes, Reovirales, Sedoreoviridae, Rotavirus, Rotavirus C"
TableS2,A,UniParc,UPI00062E08F3,,KILISGDIELNPGP,PD,D,PDILVTLNDYITKYQLKLEC,"Viruses, Riboviria, Orthornavirae, Duplornaviricota, Resentoviricetes, Reovirales, Sedoreoviridae, Rotavirus, Rotavirus C"
TableS2,A,UniParc,UPI00071FB581,,KILISGDIELNPGP,PD,D,PDILVTLNDYITKYQLKLEY,"Viruses, Riboviria, Orthornavirae, Duplornaviricota, Resentoviricetes, Reovirales, Sedoreoviridae, Rotavirus"
TableS2,A,UniParc,UPI00000EC216,,KILISGDIELNPGP,PD,D,PDILVTLNDYITKYQLKLEC,"Viruses, Riboviria, Orthornavirae, Duplornaviricota, Resentoviricetes, Reovirales, Sedoreoviridae, Rotavirus, Rotavirus C"
TableS2,A,UniParc,UPI000722D492,,KILISGDIELNPGP,PD,D,PDILVTLNDYITKYQLKLEY,"Viruses, Riboviria, Orthornavirae, Duplornaviricota, Resentoviricetes, Reovirales, Sedoreoviridae, Rotavirus, Rotavirus C"
TableS2,A,UniParc,UPI0007AAD60D,,KILISGDIELNPGP,PD,D,PDILVTLNDYITKYQLKLEC,"Viruses, Riboviria, Orthornavirae, Duplornaviricota, Resentoviricetes, Reovirales, Sedoreoviridae, Rotavirus, Rotavirus C"
TableS2,A,UniParc,UPI0007AACBD1,,KILISGDIELNPGP,PD,D,PDILVTLNDYITKYQLKLEC,"Viruses, Riboviria, Orthornavirae, Duplornaviricota, Resentoviricetes, Reovirales, Sedoreoviridae, Rotavirus, Rotavirus C"
TableS2,A,UniParc,UPI0006A27986,,KILISGDIELNPGP,PD,D,PDILVTLNDYITKYQLKLEC,"Viruses, Riboviria, Orthornavirae, Duplornaviricota, Resentoviricetes, Reovirales, Sedoreoviridae, Rotavirus, Rotavirus C"
TableS2,A,UniParc,UPI00062DE49F,,KILISGDIELNPGP,PD,D,PDILVTLNDYITKYQLKLEY,"Viruses, Riboviria, Orthornavirae, Duplornaviricota, Resentoviricetes, Reovirales, Sedoreoviridae, Rotavirus, Rotavirus C"
TableS2,A,UniParc,UPI001004D71F,,KILISGDIELNPGP,PD,D,PDILVTLNDYITKYQLKLEY,"Viruses, Riboviria, Orthornavirae, Duplornaviricota, Resentoviricetes, Reovirales, Sedoreoviridae, Rotavirus"
TableS2,A,UniParc,UPI0007AADAEC,,KILISGDIELNPGP,PD,D,PDILVTLNDYITKYQLKLEC,"Viruses, Riboviria, Orthornavirae, Duplornaviricota, Resentoviricetes, Reovirales, Sedoreoviridae, Rotavirus, Rotavirus C"
TableS2,A,UniParc,UPI0001F25553,,KILISGDIELNPGP,PD,D,PDILVTLNDYITKYQLKLEC,"Viruses, Riboviria, Orthornavirae, Duplornaviricota, Resentoviricetes, Reovirales, Sedoreoviridae, Rotavirus, Rotavirus C"
TableS2,A,UniParc,UPI001004DA88,,KILISGDIELNPGP,PD,D,PDILVTLNDYITKYQLKLEC,"Viruses, Riboviria, Orthornavirae, Duplornaviricota, Resentoviricetes, Reovirales, Sedoreoviridae, Rotavirus"
TableS2,A,UniParc,UPI000C492242,,KILISGDIELNPGP,PD,D,PDILVTLNDYITKYQLKLEC,"Viruses, Riboviria, Orthornavirae, Duplornaviricota, Resentoviricetes, Reovirales, Sedoreoviridae, Rotavirus, Rotavirus C"
TableS2,A,UniParc,UPI0001F2555B,,KILISGDIELNPGP,PD,D,PDILVTLNDYITKYQLKLEC,"Viruses, Riboviria, Orthornavirae, Duplornaviricota, Resentoviricetes, Reovirales, Sedoreoviridae, Rotavirus, Rotavirus C"
TableS2,A,UniParc,UPI00006C6883,,KILISGDIELNPGP,PD,D,PDILVTLNDYITKYQLKLEC,"Viruses, Riboviria, Orthornavirae, Duplornaviricota, Resentoviricetes, Reovirales, Sedoreoviridae, Rotavirus, Rotavirus C"
TableS2,A,UniParc,UPI0006551222,,KILISGDIELNPGP,PD,D,PDILVTLNDYITKYQLKLEC,"Viruses, Riboviria, Orthornavirae, Duplornaviricota, Resentoviricetes, Reovirales, Sedoreoviridae, Rotavirus, Rotavirus C"
TableS2,A,UniParc,UPI0007AAD827,,KILISGDIELNPGP,PD,D,PDILVTLNDYITKYQLKLEC,"Viruses, Riboviria, Orthornavirae, Duplornaviricota, Resentoviricetes, Reovirales, Sedoreoviridae, Rotavirus, Rotavirus C"
TableS2,A,UniParc,UPI00072151AE,,KILISGDIELNPGP,PD,D,PDILVTLNDYITKYQLKLEY,"Viruses, Riboviria, Orthornavirae, Duplornaviricota, Resentoviricetes, Reovirales, Sedoreoviridae, Rotavirus, Rotavirus C"
TableS2,A,UniParc,UPI00071FD516,,KILISGDIELNPGP,PD,D,PDILVTLNDYITKYQLKLEC,"Viruses, Riboviria, Orthornavirae, Duplornaviricota, Resentoviricetes, Reovirales, Sedoreoviridae, Rotavirus"
TableS2,A,UniParc,UPI0010B0C07D,,KILISGDVELNPGP,PD,D,PDVLIKLNNYKTRYGLDIKC,"Viruses, Riboviria, Orthornavirae, Duplornaviricota, Resentoviricetes, Reovirales, Sedoreoviridae, Rotavirus"
TableS2,A,UniParc,UPI000014B58E,,KILISGDVELNPGP,PD,D,PDPLIRLN,N/A
TableS2,A,UniParc,UPI001E7AB5EC,,KILISGDVELNPGP,PD,D,PDVLVKLNDYKTKYGLNIKC,N/A
TableS2,A,UniParc,UPI0012A87BB7,,KILISGDVELNPGP,PD,D,PDVLVKLNDYKTKYGLNIKC,"Viruses, Riboviria, Orthornavirae, Duplornaviricota, Resentoviricetes, Reovirales, Sedoreoviridae, Rotavirus"
TableS2,A,UniParc,UPI001E811560,,KILISGDVELNPGP,PD,D,PDVLVRLNDCKTKYGLNIKC,N/A
TableS2,A,UniParc,UPI0010BB2845,,KILISGDVELNPGP,PD,D,PDPLIKLNDCKTKYGISIIC,"Viruses, Riboviria, Orthornavirae, Duplornaviricota, Resentoviricetes, Reovirales, Sedoreoviridae, Rotavirus"
TableS2,A,UniParc,UPI0010AEF90E,,KILISGDVELNPGP,PD,D,PDPLIRLNDCKTKYGINIIC,"Viruses, Riboviria, Orthornavirae, Duplornaviricota, Resentoviricetes, Reovirales, Sedoreoviridae, Rotavirus"
TableS2,A,UniParc,UPI0010BA0DC9,,KILISGDVELNPGP,PD,D,PDPLIRLNDCKTKYGINIIC,"Viruses, Riboviria, Orthornavirae, Duplornaviricota, Resentoviricetes, Reovirales, Sedoreoviridae, Rotavirus"
TableS2,A,UniParc,UPI0010BB503D,,KILISGDVELNPGP,PD,D,PDPLIRLNDCKTKYGISIIC,"Viruses, Riboviria, Orthornavirae, Duplornaviricota, Resentoviricetes, Reovirales, Sedoreoviridae, Rotavirus"
TableS2,A,UniParc,UPI0010B53531,,KILISGDVELNPGP,PD,D,PDPLIRLNDCKTKYGINIIC,"Viruses, Riboviria, Orthornavirae, Duplornaviricota, Resentoviricetes, Reovirales, Sedoreoviridae, Rotavirus"
TableS2,A,UniParc,UPI0010BAC412,,KILISGDVELNPGP,PD,D,PDPLIRLNDCKTKYGLNVLC,"Viruses, Riboviria, Orthornavirae, Duplornaviricota, Resentoviricetes, Reovirales, Sedoreoviridae, Rotavirus"
TableS2,A,UniParc,UPI0011643110,,KILISGDVELNPGP,PD,D,PDVLIKLNDYKTKYGLNIKC,"Viruses, Riboviria, Orthornavirae, Duplornaviricota, Resentoviricetes, Reovirales, Sedoreoviridae, Rotavirus, Rotavirus C"
TableS2,A,UniParc,UPI0008110D52,,KILISGDVELNPGP,PD,D,PDPLITLNDWKTKYGISIVC,"Viruses, Riboviria, Orthornavirae, Duplornaviricota, Resentoviricetes, Reovirales, Sedoreoviridae, Rotavirus, Rotavirus C"
TableS2,A,UniParc,UPI001E6C9D3B,,KILISGDVELNPGP,PD,D,PDVLVKLNDYKTKYGLNIKC,N/A
TableS2,A,UniParc,UPI0012A95510,,KILISGDVELNPGP,PD,D,PDVLVKLNDYKTKYGLNIKC,"Viruses, Riboviria, Orthornavirae, Duplornaviricota, Resentoviricetes, Reovirales, Sedoreoviridae, Rotavirus"
TableS2,A,UniParc,UPI0010B509D2,,KILISGDVELNPGP,PD,D,PDPLIRLNECKTKYGINVVC,"Viruses, Riboviria, Orthornavirae, Duplornaviricota, Resentoviricetes, Reovirales, Sedoreoviridae, Rotavirus"
TableS2,A,UniParc,UPI0012A7B3A2,,KILISGDVELNPGP,PD,D,PDVLVKLNDYKTKYGLNIKC,"Viruses, Riboviria, Orthornavirae, Duplornaviricota, Resentoviricetes, Reovirales, Sedoreoviridae, Rotavirus"
TableS2,A,UniParc,UPI000D7D25CF,,KILISGDVELNPGP,PD,D,PDPLIRLNDCKTKYGIEIIC,"Viruses, Riboviria, Orthornavirae, Duplornaviricota, Resentoviricetes, Reovirales, Sedoreoviridae, Rotavirus"
TableS2,A,UniParc,UPI001BED64A5,,KILISGDVELNPGP,PD,D,PDPLIKLNDCKTKYGISIIC,N/A
TableS2,A,UniParc,UPI0010B3BB50,,KILISGDVELNPGP,PD,D,PDPLIRLNDCKTKYGINIVC,"Viruses, Riboviria, Orthornavirae, Duplornaviricota, Resentoviricetes, Reovirales, Sedoreoviridae, Rotavirus"
TableS2,A,UniParc,UPI0012A8CB65,,KILISGDVELNPGP,PD,D,PDVLVKLNDYKTKYGLNIKC,"Viruses, Riboviria, Orthornavirae, Duplornaviricota, Resentoviricetes, Reovirales, Sedoreoviridae, Rotavirus"
TableS2,A,UniParc,UPI001BEDE058,,KILISGDVELNPGP,PD,D,PDPLIKLNDCKTKYGISIIC,N/A
TableS2,A,UniParc,UPI0006BC6FBC,,KILISGDVELNPGP,PD,D,PDVLVKLNDCVTKYNLKVKC,"Viruses, Riboviria, Orthornavirae, Duplornaviricota, Resentoviricetes, Reovirales, Sedoreoviridae, Rotavirus"
TableS2,A,UniParc,UPI001BF096F6,,KILISGDVELNPGP,PD,D,PDPLIRLNDCKTKYGINIIC,N/A
TableS2,A,UniParc,UPI001E7C41E7,,KILISGDVELNPGP,PD,D,PDVLVRLNDCKTKYGLNIKC,N/A
TableS2,A,UniParc,UPI000D7D23F4,,KILISGDVELNPGP,PD,D,PDPLIRLNDCKTKYGIEIIC,"Viruses, Riboviria, Orthornavirae, Duplornaviricota, Resentoviricetes, Reovirales, Sedoreoviridae, Rotavirus"
TableS2,A,UniParc,UPI00001389F9,,KILISGDVELNPGP,PD,D,PDPLIRLNDCKTKYGIDIIC,"Viruses, Riboviria, Orthornavirae, Duplornaviricota, Resentoviricetes, Reovirales, Sedoreoviridae, Rotavirus, Rotavirus C, Porcine rotavirus C"
TableS2,A,UniParc,UPI0010B9B03C,,KILISGDVELNPGP,PD,D,PDPLIRLNDCKTKYDIDIIC,"Viruses, Riboviria, Orthornavirae, Duplornaviricota, Resentoviricetes, Reovirales, Sedoreoviridae, Rotavirus"
TableS2,A,UniParc,UPI0010B60CE1,,KILISGDVELNPGP,PD,D,PDPLIRLNDCKTKYGINIVC,"Viruses, Riboviria, Orthornavirae, Duplornaviricota, Resentoviricetes, Reovirales, Sedoreoviridae, Rotavirus"
TableS2,A,UniParc,UPI0012A8E463,,KILISGDVELNPGP,PD,D,PDVLVKLNDCKTKYGLNIKC,"Viruses, Riboviria, Orthornavirae, Duplornaviricota, Resentoviricetes, Reovirales, Sedoreoviridae, Rotavirus"
TableS2,A,UniParc,UPI000F0BEAA7,,KILISGDVELNPGP,PD,D,PDPLIKLNDYKTKYGINVVC,"Viruses, Riboviria, Orthornavirae, Duplornaviricota, Resentoviricetes, Reovirales, Sedoreoviridae, Rotavirus"
TableS2,A,UniParc,UPI000DC791C7,,KILISGDVELNPGP,PD,D,PDPLIKLNDCKTEYGINIVC,"Viruses, Riboviria, Orthornavirae, Duplornaviricota, Resentoviricetes, Reovirales, Sedoreoviridae, Rotavirus, Rotavirus C"
TableS2,A,UniParc,UPI000DC78228,,KILISGDVELNPGP,PD,D,PDPLIRLNDCKTKYGINIIC,"Viruses, Riboviria, Orthornavirae, Duplornaviricota, Resentoviricetes, Reovirales, Sedoreoviridae, Rotavirus, Rotavirus C"
TableS2,A,UniParc,UPI000F0C8218,,KILISGDVELNPGP,PD,D,PDPLIKLNDYKTKYGINVVC,"Viruses, Riboviria, Orthornavirae, Duplornaviricota, Resentoviricetes, Reovirales, Sedoreoviridae, Rotavirus"
TableS2,A,UniParc,UPI0010B8E47E,,KILISGDVELNPGP,PD,D,PDALVKLNDYKTRYGLSIKC,"Viruses, Riboviria, Orthornavirae, Duplornaviricota, Resentoviricetes, Reovirales, Sedoreoviridae, Rotavirus"
TableS2,A,UniParc,UPI000DC7B3C7,,KILISGDVELNPGP,PD,D,PDPLIRLNDCKTKYGISIIC,"Viruses, Riboviria, Orthornavirae, Duplornaviricota, Resentoviricetes, Reovirales, Sedoreoviridae, Rotavirus, Rotavirus C"
TableS2,A,UniParc,UPI001E805DAD,,KILISGDVELNPGP,PD,D,PDVLIRLNDCKTKYGLNIKC,N/A
TableS2,A,UniParc,UPI0010B3ED9E,,KILISGDVELNPGP,PD,D,PDVLVKLNDYKTRYGLNVKC,"Viruses, Riboviria, Orthornavirae, Duplornaviricota, Resentoviricetes, Reovirales, Sedoreoviridae, Rotavirus"
TableS2,A,UniParc,UPI001164CF56,,KILISGDVELNPGP,PD,D,PDVLIKLNNCKTKYGLNIKC,"Viruses, Riboviria, Orthornavirae, Duplornaviricota, Resentoviricetes, Reovirales, Sedoreoviridae, Rotavirus, Rotavirus C"
TableS2,A,UniParc,UPI0010B4BFDB,,KILISGDVELNPGP,PD,D,PDPLIRLNDCKTKYDIDIIC,"Viruses, Riboviria, Orthornavirae, Duplornaviricota, Resentoviricetes, Reovirales, Sedoreoviridae, Rotavirus"
TableS2,A,UniParc,UPI000F0C2726,,KILISGDVELNPGP,PD,D,PDPLIKLNDYKTKYGINVVC,"Viruses, Riboviria, Orthornavirae, Duplornaviricota, Resentoviricetes, Reovirales, Sedoreoviridae, Rotavirus"
TableS2,A,UniParc,UPI000F0C7B88,,KILISGDVELNPGP,PD,D,PDPLIKLNDYKTKYGINVVC,"Viruses, Riboviria, Orthornavirae, Duplornaviricota, Resentoviricetes, Reovirales, Sedoreoviridae, Rotavirus"
TableS2,A,UniParc,UPI0010B8D2BE,,KILISGDVELNPGP,PD,D,PDVLVKLNDYKTRYGLNIKC,"Viruses, Riboviria, Orthornavirae, Duplornaviricota, Resentoviricetes, Reovirales, Sedoreoviridae, Rotavirus"
TableS2,A,UniParc,UPI000F0C7679,,KILISGDVELNPGP,PD,D,PDPLVRLNDCKTKHGIHIIC,"Viruses, Riboviria, Orthornavirae, Duplornaviricota, Resentoviricetes, Reovirales, Sedoreoviridae, Rotavirus, Rotavirus C"
TableS2,A,UniParc,UPI000D7EB6F0,,KILISGDVELNPGP,PD,D,PDPLIRLNDCKTKYGIEIIC,"Viruses, Riboviria, Orthornavirae, Duplornaviricota, Resentoviricetes, Reovirales, Sedoreoviridae, Rotavirus"
TableS2,A,UniParc,UPI001BEFF6F1,,KILISGDVELNPGP,PD,D,PDPLIRLNDCKTKYDISIIC,N/A
TableS2,A,UniParc,UPI0010B6C730,,KILISGDVELNPGP,PD,D,PDPLIRLNDYKTKYGISIIC,"Viruses, Riboviria, Orthornavirae, Duplornaviricota, Resentoviricetes, Reovirales, Sedoreoviridae, Rotavirus"
TableS2,A,UniParc,UPI0010B12A35,,KILISGDVELNPGP,PD,D,PDPLIRLNDCKTKYGISIIC,"Viruses, Riboviria, Orthornavirae, Duplornaviricota, Resentoviricetes, Reovirales, Sedoreoviridae, Rotavirus"
TableS2,A,UniParc,UPI00078D0422,,KILISGDVELNPGP,PD,D,PDVLIKLNDYKTKYGLNIKC,"Viruses, Riboviria, Orthornavirae, Duplornaviricota, Resentoviricetes, Reovirales, Sedoreoviridae, Rotavirus"
TableS2,A,UniParc,UPI0011636739,,KILISGDVELNPGP,PD,D,PDVLVKLNDCKTKYDLNIKC,"Viruses, Riboviria, Orthornavirae, Duplornaviricota, Resentoviricetes, Reovirales, Sedoreoviridae, Rotavirus, Rotavirus B, unclassified Rotavirus B"
TableS2,A,UniParc,UPI0010B5F0F8,,KILISGDVELNPGP,PD,D,PDVLVKLNDYKTRYGLNIKC,"Viruses, Riboviria, Orthornavirae, Duplornaviricota, Resentoviricetes, Reovirales, Sedoreoviridae, Rotavirus"
TableS2,A,UniParc,UPI000DC76CF2,,KILISGDVELNPGP,PD,D,PDPLIRLNDCKTKYGISIIC,"Viruses, Riboviria, Orthornavirae, Duplornaviricota, Resentoviricetes, Reovirales, Sedoreoviridae, Rotavirus, Rotavirus C"
TableS2,A,UniParc,UPI001BEE1881,,KILISGDVELNPGP,PD,D,PDALVKLNDYKTRYGLNIKC,N/A
TableS2,A,UniParc,UPI001BEE1EB7,,KILISGDVELNPGP,PD,D,PDPLIRLNDCKTKYGISIIC,N/A
TableS2,A,UniParc,UPI000DC76139,,KILISGDVELNPGP,PD,D,PDPLVRLNDCKTKYGISVIC,"Viruses, Riboviria, Orthornavirae, Duplornaviricota, Resentoviricetes, Reovirales, Sedoreoviridae, Rotavirus, Rotavirus C"
TableS2,A,UniParc,UPI001BF14967,,KILISGDVELNPGP,PD,D,PDALVKLNDYKTRYGLNIKC,N/A
TableS2,A,UniParc,UPI0012A782B9,,KILISGDVELNPGP,PD,D,PDALVKLNDCKTKYGLNSNC,"Viruses, Riboviria, Orthornavirae, Duplornaviricota, Resentoviricetes, Reovirales, Sedoreoviridae, Rotavirus"
TableS2,A,UniParc,UPI0010B0FFE8,,KILISGDVELNPGP,PD,D,PDVLVKLNDYKTRYGLNIKC,"Viruses, Riboviria, Orthornavirae, Duplornaviricota, Resentoviricetes, Reovirales, Sedoreoviridae, Rotavirus"
TableS2,A,UniParc,UPI0012A89E4D,,KILISGDVELNPGP,PD,D,PDPLVRLNDYKTKYGINVVC,"Viruses, Riboviria, Orthornavirae, Duplornaviricota, Resentoviricetes, Reovirales, Sedoreoviridae, Rotavirus"
TableS2,A,UniParc,UPI000DC7544C,,KILISGDVELNPGP,PD,D,PDPLIRLNDCKTKYGINIIC,"Viruses, Riboviria, Orthornavirae, Duplornaviricota, Resentoviricetes, Reovirales, Sedoreoviridae, Rotavirus, Rotavirus C"
TableS2,A,UniParc,UPI0010B9206A,,KILISGDVELNPGP,PD,D,PDPLIRLNDCKTKYGISIIC,"Viruses, Riboviria, Orthornavirae, Duplornaviricota, Resentoviricetes, Reovirales, Sedoreoviridae, Rotavirus"
TableS2,A,UniParc,UPI000DC7E49E,,KILISGDVELNPGP,PD,D,PDPLIRLNDCKTKYGISIIC,"Viruses, Riboviria, Orthornavirae, Duplornaviricota, Resentoviricetes, Reovirales, Sedoreoviridae, Rotavirus, Rotavirus C"
TableS2,A,UniParc,UPI001BF0776C,,KILISGDVELNPGP,PD,D,PDPLIRLNDCKTKYGINIIC,N/A
TableS2,A,UniParc,UPI0010BBBAAA,,KILISGDVELNPGP,PD,D,PDPLIRLNDCKTKYGINIVC,"Viruses, Riboviria, Orthornavirae, Duplornaviricota, Resentoviricetes, Reovirales, Sedoreoviridae, Rotavirus"
TableS2,A,UniParc,UPI0010B0283B,,KILISGDVEQNPGP,PD,D,PDPLIRLNDCKTKYGINIVC,"Viruses, Riboviria, Orthornavirae, Duplornaviricota, Resentoviricetes, Reovirales, Sedoreoviridae, Rotavirus"
TableS2,A,UniParc,UPI0010BB07E2,,KILISGDVEQNPGP,PD,D,PDPLIRLNDCKTKYGINIVC,"Viruses, Riboviria, Orthornavirae, Duplornaviricota, Resentoviricetes, Reovirales, Sedoreoviridae, Rotavirus"
TableS2,A,UniParc,UPI000D7DB518,,KILLSGDIELNPGP,PD,D,PDPLIKLNDC,"Viruses, Riboviria, Orthornavirae, Duplornaviricota, Resentoviricetes, Reovirales, Sedoreoviridae, Rotavirus"
TableS2,A,UniParc,UPI000D7E0F51,,KILLSGDIELNPGP,PD,D,PDPLIKLNDCKTKYGINILC,"Viruses, Riboviria, Orthornavirae, Duplornaviricota, Resentoviricetes, Reovirales, Sedoreoviridae, Rotavirus"
TableS2,A,UniParc,UPI001BEEC544,,KILLSGDVELNPGP,PD,D,PDPLIKLNDCKTKYGINITC,N/A
TableS2,A,UniParc,UPI0010B7C279,,KILLSGDVELNPGP,PD,D,PDPLIKLNDYKTKYGIGIVC,"Viruses, Riboviria, Orthornavirae, Duplornaviricota, Resentoviricetes, Reovirales, Sedoreoviridae, Rotavirus"
TableS2,A,UniParc,UPI0010B8D47B,,KILLSGDVELNPGP,PD,D,PDPLIKLNDCKTKYGIDIIC,"Viruses, Riboviria, Orthornavirae, Duplornaviricota, Resentoviricetes, Reovirales, Sedoreoviridae, Rotavirus"
TableS2,A,UniParc,UPI0010B40EDF,,KILLSGDVELNPGP,PD,D,PDPLIKLNDCKTKYGINITC,"Viruses, Riboviria, Orthornavirae, Duplornaviricota, Resentoviricetes, Reovirales, Sedoreoviridae, Rotavirus"
TableS2,A,UniParc,UPI0010B5B6BF,,KILLSGDVELNPGP,PD,D,PDPLIKLNDCKTKYGINIVC,"Viruses, Riboviria, Orthornavirae, Duplornaviricota, Resentoviricetes, Reovirales, Sedoreoviridae, Rotavirus"
TableS2,A,UniParc,UPI0010B7C630,,KILLSGDVELNPGP,PD,D,PDPLIKLNDCKTKYGIDIIC,"Viruses, Riboviria, Orthornavirae, Duplornaviricota, Resentoviricetes, Reovirales, Sedoreoviridae, Rotavirus"
TableS2,A,UniParc,UPI001BF08602,,KILLSGDVELNPGP,PD,D,PDPLIKLNDCKTKYGIDIIC,N/A
TableS2,A,UniParc,UPI000D7DB935,,KILLSGDVELNPGP,PD,D,PDPLIRLNDCKTKYGIDIIC,"Viruses, Riboviria, Orthornavirae, Duplornaviricota, Resentoviricetes, Reovirales, Sedoreoviridae, Rotavirus"
TableS2,A,UniParc,UPI001BEF2705,,KILLSGDVELNPGP,PD,D,PDPLIKLNDCKTKYGINIIC,N/A
TableS2,A,UniParc,UPI001BEDD85A,,KILLSGDVELNPGP,PD,D,PDPLIKLNDCKTKYGIDIIC,N/A
TableS2,A,UniParc,UPI001BEF47C6,,KILLSGDVELNPGP,PD,D,PDPLIKLNDCKTKYGINIIC,N/A
TableS2,A,UniParc,UPI0010B4AAC8,,KILLSGDVELNPGP,PD,D,PDPLIRLNDCKTKYGINIVC,"Viruses, Riboviria, Orthornavirae, Duplornaviricota, Resentoviricetes, Reovirales, Sedoreoviridae, Rotavirus"
TableS2,A,UniParc,UPI0012A1912B,,KILLSGDVELNPGP,PD,D,PDPLIKLNDYKTKYGIDIIC,"Viruses, Riboviria, Orthornavirae, Duplornaviricota, Resentoviricetes, Reovirales, Sedoreoviridae, Rotavirus, Rotavirus C"
TableS2,A,UniParc,UPI0010B53398,,KILLSGDVELNPGP,PD,D,PDPLIKLNDYKTKYGICIIC,"Viruses, Riboviria, Orthornavirae, Duplornaviricota, Resentoviricetes, Reovirales, Sedoreoviridae, Rotavirus"
TableS2,A,UniParc,UPI0010B86223,,KILLSGDVELNPGP,PD,D,PDPLIKLNDCKTKYGIDIIC,"Viruses, Riboviria, Orthornavirae, Duplornaviricota, Resentoviricetes, Reovirales, Sedoreoviridae, Rotavirus"
TableS2,A,UniParc,UPI0010B3B8F9,,KILLSGDVELNPGP,PD,D,PDPLIKLNDCKTKYGIDIIC,"Viruses, Riboviria, Orthornavirae, Duplornaviricota, Resentoviricetes, Reovirales, Sedoreoviridae, Rotavirus"
TableS2,A,UniParc,UPI001BF03431,,KILLSGDVELNPGP,PD,D,PDPLIKLNDCKTKYGINIIC,N/A
TableS2,A,UniParc,UPI0010AF976D,,KILLSGDVELNPGP,PD,D,PDPLIRLNDCKTKYGINIVC,"Viruses, Riboviria, Orthornavirae, Duplornaviricota, Resentoviricetes, Reovirales, Sedoreoviridae, Rotavirus"
TableS2,A,UniParc,UPI001BED8AB2,,KILLSGDVELNPGP,PD,D,PDPLIKLNDCKTKYGIDIIC,N/A
TableS2,A,UniParc,UPI001BEDB154,,KILLSGDVELNPGP,PD,D,PDPLIKLNDCKTKYGIDIIC,N/A
TableS2,A,UniParc,UPI001BF0DEB4,,KILLSGDVELNPGP,PD,D,PDPLIKLNDCKTKYGINIIC,N/A
TableS2,A,UniParc,UPI000D7E41BB,,KILLSGDVELNPGP,PD,D,PDPLIKLNDCKTKYGINILC,"Viruses, Riboviria, Orthornavirae, Duplornaviricota, Resentoviricetes, Reovirales, Sedoreoviridae, Rotavirus"
TableS2,A,UniParc,UPI0010AFDCDB,,KILLSGDVELNPGP,PD,D,PDPLIKLNDCKTKYGIDIIC,"Viruses, Riboviria, Orthornavirae, Duplornaviricota, Resentoviricetes, Reovirales, Sedoreoviridae, Rotavirus"
TableS2,A,UniParc,UPI0010B11E85,,KILLSGDVELNPGP,PD,D,PDPLIKLNDCKTKYGINVIC,"Viruses, Riboviria, Orthornavirae, Duplornaviricota, Resentoviricetes, Reovirales, Sedoreoviridae, Rotavirus"
TableS2,A,UniParc,UPI001BF12ACC,,KILLSGDVELNPGP,PD,D,PDPLIKLNDYKTKYGIDIIC,N/A
TableS2,A,UniParc,UPI0010B1D482,,KILLSGDVELNPGP,PD,D,PDPLIKLNDYKTKYSIDIIC,"Viruses, Riboviria, Orthornavirae, Duplornaviricota, Resentoviricetes, Reovirales, Sedoreoviridae, Rotavirus"
TableS2,A,UniParc,UPI0010BB1A6D,,KILLSGDVELNPGP,PD,D,PDPLIKLNDYKTKYGIDIIC,"Viruses, Riboviria, Orthornavirae, Duplornaviricota, Resentoviricetes, Reovirales, Sedoreoviridae, Rotavirus"
TableS2,A,UniParc,UPI0010BBA7F1,,KILLSGDVELNPGP,PD,D,PDPLIKLNDCKTKYGINIIC,"Viruses, Riboviria, Orthornavirae, Duplornaviricota, Resentoviricetes, Reovirales, Sedoreoviridae, Rotavirus"
TableS2,A,UniParc,UPI00220CA9D3,,KILLSGDVELNPGP,PD,D,PDVLVKLNDCKTKYGLNIKC,N/A
TableS2,A,UniParc,UPI000D7EB6B6,,KILLSGDVELNPGP,PD,D,PDPLIKLNDCKTKYGINVTC,"Viruses, Riboviria, Orthornavirae, Duplornaviricota, Resentoviricetes, Reovirales, Sedoreoviridae, Rotavirus"
TableS2,A,UniParc,UPI0010B5058E,,KILLSGDVELNPGP,PD,D,PDPLIKLNDCKTKYGIDIIC,"Viruses, Riboviria, Orthornavirae, Duplornaviricota, Resentoviricetes, Reovirales, Sedoreoviridae, Rotavirus"
TableS2,A,UniParc,UPI0010B59663,,KILLSGDVELNPGP,PD,D,PDPLIKLNDYKTKYGIDIIC,"Viruses, Riboviria, Orthornavirae, Duplornaviricota, Resentoviricetes, Reovirales, Sedoreoviridae, Rotavirus"
TableS2,A,UniParc,UPI0010BABE12,,KILLSGDVELNPGP,PD,D,PDPLIKLNDCKTKYGIDIIC,"Viruses, Riboviria, Orthornavirae, Duplornaviricota, Resentoviricetes, Reovirales, Sedoreoviridae, Rotavirus"
TableS2,A,UniParc,UPI0010B29C7A,,KILLSGDVELNPGP,PD,D,PDPLIKLNDCKTKYGIDIIC,"Viruses, Riboviria, Orthornavirae, Duplornaviricota, Resentoviricetes, Reovirales, Sedoreoviridae, Rotavirus"
TableS2,A,UniParc,UPI0013972D0D,,KILLSGDVELNPGP,PD,D,PDPLIKLNDCKTKYGIDIIC,"Viruses, Riboviria, Orthornavirae, Duplornaviricota, Resentoviricetes, Reovirales, Sedoreoviridae, Rotavirus, Rotavirus C"
TableS2,A,UniParc,UPI0010BC6D7A,,KILLSGDVESNPGP,PD,D,PDPLIKLNDCKTKYGIDIIC,"Viruses, Riboviria, Orthornavirae, Duplornaviricota, Resentoviricetes, Reovirales, Sedoreoviridae, Rotavirus"
TableS2,A,UniParc,UPI0010B6484C,,KILLSGDVESNPGP,PD,D,PDPLIKLNDCKTKYGIDIIC,"Viruses, Riboviria, Orthornavirae, Duplornaviricota, Resentoviricetes, Reovirales, Sedoreoviridae, Rotavirus"
TableS2,A,UniParc,UPI001397860D,,KILMSGDVELNPGP,PD,D,PDVLVKLNNYKTRYGLNIKC,"Viruses, Riboviria, Orthornavirae, Duplornaviricota, Resentoviricetes, Reovirales, Sedoreoviridae, Rotavirus, Rotavirus C"
TableS2,A,UniParc,UPI0010BAE43E,,KILMSGDVELNPGP,PD,D,PDVLVKLNDYKTRYGLNIKC,"Viruses, Riboviria, Orthornavirae, Duplornaviricota, Resentoviricetes, Reovirales, Sedoreoviridae, Rotavirus"
TableS2,A,UniParc,UPI002038705C,,KLLCCGDIESNPGP,PD,D,PDEWQKEVLTMLKELKAETG,"cellular organisms, Eukaryota, Opisthokonta, Metazoa, Eumetazoa, Bilateria, Protostomia, Ecdysozoa, Panarthropoda, Arthropoda, Chelicerata, Arachnida, Acari, Parasitiformes, Ixodida, Ixodoidea, Ixodidae, Rhipicephalinae, Rhipicephalus, Boophilus"
TableS2,A,UniParc,UPI001886C153,,KLLLCGDIESNPGP,PD,D,PDDKVLTAIASLSAKVDSRH,N/A
TableS2,A,UniParc,UPI002037A7FF,,KLLLCGDIESNPGP,PD,D,PDDKVLTAIASLSAKVDWRH,"cellular organisms, Eukaryota, Opisthokonta, Metazoa, Eumetazoa, Bilateria, Protostomia, Ecdysozoa, Panarthropoda, Arthropoda, Chelicerata, Arachnida, Acari, Parasitiformes, Ixodida, Ixodoidea, Ixodidae, Rhipicephalinae, Rhipicephalus, Boophilus"
TableS2,A,UniParc,UPI00156D3A4A,,KLLLCGDIESNPGP,PD,D,PDDKVLTAIASLSAKVDSRH,"cellular organisms, Eukaryota, Opisthokonta, Metazoa, Eumetazoa, Bilateria, Protostomia, Ecdysozoa, Panarthropoda, Arthropoda, Chelicerata, Arachnida, Acari, Parasitiformes, Ixodida, Ixodoidea, Ixodidae, Rhipicephalinae, Rhipicephalus, Boophilus"
TableS2,A,UniParc,UPI00188748E0,,KLLLCGDIESNPGP,PD,D,PDDKVLTAIASLSAKVDSRH,N/A
TableS2,A,UniParc,UPI0014190949,,KLLLCGDIESNPGP,PD,D,PDDKVLTAIASLSAKVDSRH,"cellular organisms, Eukaryota, Opisthokonta, Metazoa, Eumetazoa, Bilateria, Protostomia, Ecdysozoa, Panarthropoda, Arthropoda, Chelicerata, Arachnida, Acari, Parasitiformes, Ixodida, Ixodoidea, Ixodidae, Rhipicephalinae, Rhipicephalus, Boophilus"
TableS2,A,UniParc,UPI001888209E,,KLLLLAGDIESNPGP,PD,D,PDLAQIAKQLKEVAVDIKEI,N/A
TableS2,A,UniParc,UPI001418F575,,KLLLLGGDIKTNPGP,PD,D,PDTALILKQLREIAADIKDI,"cellular organisms, Eukaryota, Opisthokonta, Metazoa, Eumetazoa, Bilateria, Protostomia, Ecdysozoa, Panarthropoda, Arthropoda, Chelicerata, Arachnida, Acari, Parasitiformes, Ixodida, Ixodoidea, Ixodidae, Rhipicephalinae, Rhipicephalus, Boophilus"
TableS2,A,UniParc,UPI002031CCE0,,KLSGDVEENPGP,PD,D,PDTMEMIQQVIASQTEILSK,N/A
TableS2,B,UniParc,UPI00094746F6,,KNSMWLRDLTREGVESNPGP,PD,D,PDYISQLNIDAQRKQIHFPL,"Viruses, Riboviria, Orthornavirae, Duplornaviricota, Resentoviricetes, Reovirales, Sedoreoviridae, Rotavirus"
TableS2,A,UniParc,UPI00106908A4,,LFLSGDVELNPGP,PE,E,PENISNISVLTTRLARIGRK,N/A
TableS2,A,UniParc,UPI0011410179,,LHLAGDVELNPGP,PD,D,PDSLTILQLNINGVRSKVLE,"cellular organisms, Eukaryota, Opisthokonta, Metazoa, Eumetazoa, Bilateria, Protostomia, Spiralia, Lophotrochozoa, Mollusca, Cephalopoda, Coleoidea, Octopodiformes, Octopoda, Incirrata, Octopodidae, Octopus"
TableS2,A,UniParc,UPI000A130A9C,,LIICGDVESNPGP,PE,E,PEYDAEELLRKEPKVSDFQR,"cellular organisms, Eukaryota, Opisthokonta, Metazoa, Porifera, Demospongiae, Heteroscleromorpha, Haplosclerida, Niphatidae, Amphimedon"
TableS2,A,UniParc,UPI00096B2DA0,,LIICGDVESNPGP,PE,E,PEYDAEELLRKEPKVSDFQR,N/A
TableS2,A,UniParc,UPI001773A651,,LITSGDVELNPGP,PD,D,PDTNTSGNEQSRRVVNHPIM,"cellular organisms, Eukaryota, Opisthokonta, Metazoa, Eumetazoa, Cnidaria, Anthozoa, Octocorallia, Malacalcyonacea, Plexauridae, Paramuricea"
TableS2,A,UniParc,UPI0017734648,,LITSGDVELNPGP,PD,D,PDTNTSGNEQSRRVVNHPIM,"cellular organisms, Eukaryota, Opisthokonta, Metazoa, Eumetazoa, Cnidaria, Anthozoa, Octocorallia, Malacalcyonacea, Plexauridae, Paramuricea"
TableS2,A,UniParc,UPI001750B7E9,,LITSGDVELNPGP,PD,D,PDTNTSGNEQSRRVVNHPIM,"cellular organisms, Eukaryota, Opisthokonta, Metazoa, Eumetazoa, Cnidaria, Anthozoa, Octocorallia, Malacalcyonacea, Plexauridae, Paramuricea"
TableS2,A,UniParc,UPI0017584B96,,LITSGDVELNPGP,PD,D,PDTNTSGNEQSRRVVNHPIM,"cellular organisms, Eukaryota, Opisthokonta, Metazoa, Eumetazoa, Cnidaria, Anthozoa, Octocorallia, Malacalcyonacea, Plexauridae, Paramuricea"
TableS2,A,UniParc,UPI00176374DF,,LITSGDVELNPGP,PD,D,PDTNTSGNEQSRRVVNHPIM,"cellular organisms, Eukaryota, Opisthokonta, Metazoa, Eumetazoa, Cnidaria, Anthozoa, Octocorallia, Malacalcyonacea, Plexauridae, Paramuricea"
TableS2,A,UniParc,UPI000770FE5B,,LLAGDIEENPGP,PD,D,PDFEKMCNQLFLGQKKIGED,"cellular organisms, Eukaryota, Opisthokonta, Metazoa, Eumetazoa, Bilateria, Protostomia, Ecdysozoa, Panarthropoda, Arthropoda, Chelicerata, Arachnida, Acari, Parasitiformes, Ixodida, Ixodoidea, Ixodidae, Ixodinae, Ixodes"
TableS2,A,UniParc,UPI001F868784,,LLAMCGDIEPNPGP,PD,D,PDIDNDVPLKFMFSNINSIG,"cellular organisms, Eukaryota, Opisthokonta, Metazoa, Eumetazoa, Bilateria, Protostomia, Spiralia, Lophotrochozoa, Annelida, Polychaeta, Sedentaria, Canalipalpata, Sabellida, Oweniida, Oweniidae, Owenia"
TableS2,A,UniParc,UPI0021C51452,,LLCCGDIETNPGP,PD,D,PDTAALLQTILDGQNEIKAD,N/A
TableS2,A,UniParc,UPI0014581789,,LLCCGDVEQNPGP,PD,D,PDYKCLHQMCAASSAHFKSL,N/A
TableS2,A,UniParc,UPI001FC6D586,,LLCGDVESNPGP,PD,D,PDLEELINTILAELKQSKEE,"cellular organisms, Eukaryota, Opisthokonta, Metazoa, Eumetazoa, Bilateria, Protostomia, Ecdysozoa, Panarthropoda, Arthropoda, Chelicerata, Arachnida, Acari, Parasitiformes, Ixodida, Ixodoidea, Ixodidae, Haemaphysalinae, Haemaphysalis"
TableS2,A,UniParc,UPI002071DC77,,LLEQAGDIEKNPGP,PE,E,PEHDQESDTSSSFPAFQGNF,N/A
TableS2,A,UniParc,UPI001579DB31,,LLIICGDIEPNPGP,PE,E,PERTKEHSGKTLSIFHCNIK,"cellular organisms, Eukaryota, Opisthokonta, Metazoa, Eumetazoa, Bilateria, Protostomia, Spiralia, Lophotrochozoa, Mollusca, Bivalvia, Autobranchia, Pteriomorphia, Mytilida, Mytiloidea, Mytilidae, Mytilinae, Mytilus"
TableS2,A,UniParc,UPI0015798CE4,,LLIICGDIEPNPGP,PE,E,PERTQAYSEKTLSIFHCNIR,"cellular organisms, Eukaryota, Opisthokonta, Metazoa, Eumetazoa, Bilateria, Protostomia, Spiralia, Lophotrochozoa, Mollusca, Bivalvia, Autobranchia, Pteriomorphia, Mytilida, Mytiloidea, Mytilidae, Mytilinae, Mytilus"
TableS2,A,UniParc,UPI001B88760C,,LLIISGDVEKNPGP,PD,D,PDCNEPTKQFTTKKRYNAYV,N/A
TableS2,A,UniParc,UPI00189C4EC4,,LLILAGDVETNPGP,PD,D,PDIPESLLTELRKLTAGQNQ,N/A
TableS2,A,UniParc,UPI00189AFCC9,,LLILAGDVETNPGP,PD,D,PDIPESLLTELRKLTAGQNQ,N/A
TableS2,A,UniParc,UPI00189C47AA,,LLILAGDVETNPGP,PD,D,PDIPESLLTELRKLTAGQNQ,N/A
TableS2,A,UniParc,UPI00189A5F74,,LLILAGDVETNPGP,PD,D,PDIPESLLTELRKLIAGQNQ,N/A
TableS2,A,UniParc,UPI00189B381B,,LLILAGDVETNPGP,PD,D,PDIPESLLTELRKLTAGQNQ,N/A
TableS2,A,UniParc,UPI002101953B,,LLILAGDVETNPGP,PD,D,PDIPESLLTELRKLTAGQNQ,N/A
TableS2,A,UniParc,UPI00189B323C,,LLILCGDVELNPGP,PE,E,PETDKQYKELFAAISALSEK,N/A
TableS2,A,UniParc,UPI00027B65FC,,LLKCGDVESNPGP,PD,D,PDIWRNRITGCMAVQEGAAL,"Viruses, Riboviria, Orthornavirae, Pisuviricota, Pisoniviricetes, Picornavirales, Picornaviridae, Paavivirinae, Limnipivirus, Limnipivirus A"
TableS2,A,UniParc,UPI0021EE5ADB,,LLKLAGDVESNPGP,PE,E,PESPSAPPHRWCIPWQRLLL,N/A
TableS2,A,UniParc,UPI00085E5502,,LLKLAGDVESNPGP,PD,D,PDAHLANGSMSEVMMSEIAG,N/A
TableS2,A,UniParc,UPI0021EDC6B5,,LLKLAGDVESNPGP,PE,E,PESPSAPPHRWCIPWQRLLL,N/A
TableS2,A,UniParc,UPI0021EDCE83,,LLKLAGDVESNPGP,PE,E,PESPSAPPHRWCIPWQRLLL,N/A
TableS2,A,UniParc,UPI001FC798CE,,LLLALSGDVELNPGP,PD,D,PDNATPTPVTLEFIASTLSR,"cellular organisms, Eukaryota, Opisthokonta, Metazoa, Eumetazoa, Bilateria, Protostomia, Ecdysozoa, Panarthropoda, Arthropoda, Chelicerata, Arachnida, Acari, Parasitiformes, Ixodida, Ixodoidea, Ixodidae, Haemaphysalinae, Haemaphysalis"
TableS2,A,UniParc,UPI00176FC9EC,,LLLCAGDIELNPGP,PD,D,PDSDSTRAHQKHRNKRSNGT,"cellular organisms, Eukaryota, Opisthokonta, Metazoa, Eumetazoa, Cnidaria, Anthozoa, Octocorallia, Malacalcyonacea, Plexauridae, Paramuricea"
TableS2,A,UniParc,UPI0021C55BDC,,LLLCGDIESNPGP,PD,D,PDHSNENASELLKQLVTAHT,N/A
TableS2,A,UniParc,UPI0021C55737,,LLLCGDIESNPGP,PD,D,PDHSNENASELLKQLVTAHT,N/A
TableS2,A,UniParc,UPI002031BEA5,,LLLCGDVELNPGP,PD,D,PDKQGTRELLEKLVEGQDKI,N/A
TableS2,A,UniParc,UPI001897DBD7,,LLLCSGDVETNPGP,PD,D,PDTRSASLLSLEDLPDDPAE,N/A
TableS2,A,UniParc,UPI0019A6F7DA,,LLLICGDIEPNPGP,PE,E,PERTHEYSEKTLSIFHCNIR,"cellular organisms, Eukaryota, Opisthokonta, Metazoa, Eumetazoa, Bilateria, Protostomia, Spiralia, Lophotrochozoa, Mollusca, Bivalvia, Autobranchia, Pteriomorphia, Mytilida, Mytiloidea, Mytilidae, Mytilinae, Mytilus"
TableS2,A,UniParc,UPI0019BF29E4,,LLLICGDIEPNPGP,PE,E,PERTHEYSEKTLSIFHCNIR,"cellular organisms, Eukaryota, Opisthokonta, Metazoa, Eumetazoa, Bilateria, Protostomia, Spiralia, Lophotrochozoa, Mollusca, Bivalvia, Autobranchia, Pteriomorphia, Mytilida, Mytiloidea, Mytilidae, Mytilinae, Mytilus"
TableS2,A,UniParc,UPI00157A156A,,LLLICGDIEPNPGP,PE,E,PERTHEYSEKTLSIFHCNIR,"cellular organisms, Eukaryota, Opisthokonta, Metazoa, Eumetazoa, Bilateria, Protostomia, Spiralia, Lophotrochozoa, Mollusca, Bivalvia, Autobranchia, Pteriomorphia, Mytilida, Mytiloidea, Mytilidae, Mytilinae, Mytilus"
TableS2,A,UniParc,UPI0019AFB4FE,,LLLICGDIEPNPGP,PE,E,PERTHEYSEKTLSIFHCNIR,"cellular organisms, Eukaryota, Opisthokonta, Metazoa, Eumetazoa, Bilateria, Protostomia, Spiralia, Lophotrochozoa, Mollusca, Bivalvia, Autobranchia, Pteriomorphia, Mytilida, Mytiloidea, Mytilidae, Mytilinae, Mytilus"
TableS2,A,UniParc,UPI001B6C2938,,LLLICGDIEPNPGP,PE,E,PERTHEYSEKTLSIFHCNIR,"cellular organisms, Eukaryota, Opisthokonta, Metazoa, Eumetazoa, Bilateria, Protostomia, Spiralia, Lophotrochozoa, Mollusca, Bivalvia, Autobranchia, Pteriomorphia, Mytilida, Mytiloidea, Mytilidae, Mytilinae, Mytilus"
TableS2,A,UniParc,UPI001B6174A5,,LLLICGDIEPNPGP,PE,E,PERTPEISEKTLSIFHGNIR,"cellular organisms, Eukaryota, Opisthokonta, Metazoa, Eumetazoa, Bilateria, Protostomia, Spiralia, Lophotrochozoa, Mollusca, Bivalvia, Autobranchia, Pteriomorphia, Mytilida, Mytiloidea, Mytilidae, Mytilinae, Mytilus"
TableS2,A,UniParc,UPI0022451B81,,LLLICGDIEPNPGP,PE,E,PERTPEISEKTLSIFHGNIR,N/A
TableS2,A,UniParc,UPI001B6C00DF,,LLLICGDIEPNPGP,PE,E,PERTPEISEKTLSIFHGNIR,"cellular organisms, Eukaryota, Opisthokonta, Metazoa, Eumetazoa, Bilateria, Protostomia, Spiralia, Lophotrochozoa, Mollusca, Bivalvia, Autobranchia, Pteriomorphia, Mytilida, Mytiloidea, Mytilidae, Mytilinae, Mytilus"
TableS2,A,UniParc,UPI001B536BA2,,LLLICGDIEPNPGP,PE,E,PERTPEISEKTLSIFHGNIR,"cellular organisms, Eukaryota, Opisthokonta, Metazoa, Eumetazoa, Bilateria, Protostomia, Spiralia, Lophotrochozoa, Mollusca, Bivalvia, Autobranchia, Pteriomorphia, Mytilida, Mytiloidea, Mytilidae, Mytilinae, Mytilus"
TableS2,A,UniParc,UPI001B764FD7,,LLLICGDIEPNPGP,PE,E,PERTHEYSEKTLSIFHCNIR,"cellular organisms, Eukaryota, Opisthokonta, Metazoa, Eumetazoa, Bilateria, Protostomia, Spiralia, Lophotrochozoa, Mollusca, Bivalvia, Autobranchia, Pteriomorphia, Mytilida, Mytiloidea, Mytilidae, Mytilinae, Mytilus"
TableS2,A,UniParc,UPI001B5311DA,,LLLICGDIEPNPGP,PE,E,PERTHEYSEKTLSIFHCNIR,"cellular organisms, Eukaryota, Opisthokonta, Metazoa, Eumetazoa, Bilateria, Protostomia, Spiralia, Lophotrochozoa, Mollusca, Bivalvia, Autobranchia, Pteriomorphia, Mytilida, Mytiloidea, Mytilidae, Mytilinae, Mytilus"
TableS2,A,UniParc,UPI0015796E85,,LLLICGDIEPNPGP,PE,E,PERTHEYSEKTLSIFHCNIR,"cellular organisms, Eukaryota, Opisthokonta, Metazoa, Eumetazoa, Bilateria, Protostomia, Spiralia, Lophotrochozoa, Mollusca, Bivalvia, Autobranchia, Pteriomorphia, Mytilida, Mytiloidea, Mytilidae, Mytilinae, Mytilus"
TableS2,A,UniParc,UPI001B73FCAF,,LLLICGDIEPNPGP,PE,E,PERTHEYSEKTLSIFHCNIR,"cellular organisms, Eukaryota, Opisthokonta, Metazoa, Eumetazoa, Bilateria, Protostomia, Spiralia, Lophotrochozoa, Mollusca, Bivalvia, Autobranchia, Pteriomorphia, Mytilida, Mytiloidea, Mytilidae, Mytilinae, Mytilus"
TableS2,A,UniParc,UPI001B65FBA2,,LLLICGDIEPNPGP,PE,E,PERTHEYSEKTLSIFHCNIR,"cellular organisms, Eukaryota, Opisthokonta, Metazoa, Eumetazoa, Bilateria, Protostomia, Spiralia, Lophotrochozoa, Mollusca, Bivalvia, Autobranchia, Pteriomorphia, Mytilida, Mytiloidea, Mytilidae, Mytilinae, Mytilus"
TableS2,A,UniParc,UPI001B69F533,,LLLICGDIEPNPGP,PE,E,PERTHEYSEKTLSIFHCNIR,"cellular organisms, Eukaryota, Opisthokonta, Metazoa, Eumetazoa, Bilateria, Protostomia, Spiralia, Lophotrochozoa, Mollusca, Bivalvia, Autobranchia, Pteriomorphia, Mytilida, Mytiloidea, Mytilidae, Mytilinae, Mytilus"
TableS2,A,UniParc,UPI001B6C3267,,LLLICGDIEPNPGP,PE,E,PERTPEISEKTLSIFHGNIR,"cellular organisms, Eukaryota, Opisthokonta, Metazoa, Eumetazoa, Bilateria, Protostomia, Spiralia, Lophotrochozoa, Mollusca, Bivalvia, Autobranchia, Pteriomorphia, Mytilida, Mytiloidea, Mytilidae, Mytilinae, Mytilus"
TableS2,A,UniParc,UPI001B659F37,,LLLICGDIEPNPGP,PE,E,PERTPEISEKTLSIFHGNIR,"cellular organisms, Eukaryota, Opisthokonta, Metazoa, Eumetazoa, Bilateria, Protostomia, Spiralia, Lophotrochozoa, Mollusca, Bivalvia, Autobranchia, Pteriomorphia, Mytilida, Mytiloidea, Mytilidae, Mytilinae, Mytilus"
TableS2,A,UniParc,UPI001B6F59B7,,LLLICGDIEPNPGP,PE,E,PERTPEISEKTLSIFHGNIR,"cellular organisms, Eukaryota, Opisthokonta, Metazoa, Eumetazoa, Bilateria, Protostomia, Spiralia, Lophotrochozoa, Mollusca, Bivalvia, Autobranchia, Pteriomorphia, Mytilida, Mytiloidea, Mytilidae, Mytilinae, Mytilus"
TableS2,A,UniParc,UPI001B712C9A,,LLLICGDIEPNPGP,PE,E,PERTPEISEKTLSIFHGNIR,"cellular organisms, Eukaryota, Opisthokonta, Metazoa, Eumetazoa, Bilateria, Protostomia, Spiralia, Lophotrochozoa, Mollusca, Bivalvia, Autobranchia, Pteriomorphia, Mytilida, Mytiloidea, Mytilidae, Mytilinae, Mytilus"
TableS2,A,UniParc,UPI0019C20030,,LLLICGDIEPNPGP,PE,E,PERTHEYSEKTLSIFHCNIE,"cellular organisms, Eukaryota, Opisthokonta, Metazoa, Eumetazoa, Bilateria, Protostomia, Spiralia, Lophotrochozoa, Mollusca, Bivalvia, Autobranchia, Pteriomorphia, Mytilida, Mytiloidea, Mytilidae, Mytilinae, Mytilus"
TableS2,A,UniParc,UPI001579589D,,LLLICGDIEPNPGP,PE,E,PERTPEISENTLSIFHGNIR,"cellular organisms, Eukaryota, Opisthokonta, Metazoa, Eumetazoa, Bilateria, Protostomia, Spiralia, Lophotrochozoa, Mollusca, Bivalvia, Autobranchia, Pteriomorphia, Mytilida, Mytiloidea, Mytilidae, Mytilinae, Mytilus"
TableS2,A,UniParc,UPI001B5794DB,,LLLICGDIEPNPGP,PE,E,PERTHEYSEKTLSIFHCNIR,"cellular organisms, Eukaryota, Opisthokonta, Metazoa, Eumetazoa, Bilateria, Protostomia, Spiralia, Lophotrochozoa, Mollusca, Bivalvia, Autobranchia, Pteriomorphia, Mytilida, Mytiloidea, Mytilidae, Mytilinae, Mytilus"
TableS2,A,UniParc,UPI001B7409ED,,LLLICGDIEPNPGP,PE,E,PERTPEISEKTLSIFHGNIR,"cellular organisms, Eukaryota, Opisthokonta, Metazoa, Eumetazoa, Bilateria, Protostomia, Spiralia, Lophotrochozoa, Mollusca, Bivalvia, Autobranchia, Pteriomorphia, Mytilida, Mytiloidea, Mytilidae, Mytilinae, Mytilus"
TableS2,A,UniParc,UPI001B79A0FC,,LLLICGDIEPNPGP,PE,E,PERTPEISEKTLSIFHGNIR,"cellular organisms, Eukaryota, Opisthokonta, Metazoa, Eumetazoa, Bilateria, Protostomia, Spiralia, Lophotrochozoa, Mollusca, Bivalvia, Autobranchia, Pteriomorphia, Mytilida, Mytiloidea, Mytilidae, Mytilinae, Mytilus"
TableS2,A,UniParc,UPI001B6BF709,,LLLICGDIEPNPGP,PE,E,PERTPEISEKTLSIFHGNIR,"cellular organisms, Eukaryota, Opisthokonta, Metazoa, Eumetazoa, Bilateria, Protostomia, Spiralia, Lophotrochozoa, Mollusca, Bivalvia, Autobranchia, Pteriomorphia, Mytilida, Mytiloidea, Mytilidae, Mytilinae, Mytilus"
TableS2,A,UniParc,UPI001B56A4D1,,LLLICGDIEPNPGP,PE,E,PERTPEISEKTLSIFHGNIR,"cellular organisms, Eukaryota, Opisthokonta, Metazoa, Eumetazoa, Bilateria, Protostomia, Spiralia, Lophotrochozoa, Mollusca, Bivalvia, Autobranchia, Pteriomorphia, Mytilida, Mytiloidea, Mytilidae, Mytilinae, Mytilus"
TableS2,A,UniParc,UPI0019BC7A45,,LLLICGDIEPNPGP,PE,E,PERTHEYSEKTLSIFHCNIR,"cellular organisms, Eukaryota, Opisthokonta, Metazoa, Eumetazoa, Bilateria, Protostomia, Spiralia, Lophotrochozoa, Mollusca, Bivalvia, Autobranchia, Pteriomorphia, Mytilida, Mytiloidea, Mytilidae, Mytilinae, Mytilus"
TableS2,A,UniParc,UPI001B6AC121,,LLLICGDIEPNPGP,PE,E,PERTPEISEKTLSIFHGNIR,"cellular organisms, Eukaryota, Opisthokonta, Metazoa, Eumetazoa, Bilateria, Protostomia, Spiralia, Lophotrochozoa, Mollusca, Bivalvia, Autobranchia, Pteriomorphia, Mytilida, Mytiloidea, Mytilidae, Mytilinae, Mytilus"
TableS2,A,UniParc,UPI0015799FDA,,LLLICGDIEPNPGP,PE,E,PERTHEYSEKTLSIFHCNIR,"cellular organisms, Eukaryota, Opisthokonta, Metazoa, Eumetazoa, Bilateria, Protostomia, Spiralia, Lophotrochozoa, Mollusca, Bivalvia, Autobranchia, Pteriomorphia, Mytilida, Mytiloidea, Mytilidae, Mytilinae, Mytilus"
TableS2,A,UniParc,UPI001B6EE0BE,,LLLICGDIEPNPGP,PE,E,PERTPEISEKTLSIFHGNIR,"cellular organisms, Eukaryota, Opisthokonta, Metazoa, Eumetazoa, Bilateria, Protostomia, Spiralia, Lophotrochozoa, Mollusca, Bivalvia, Autobranchia, Pteriomorphia, Mytilida, Mytiloidea, Mytilidae, Mytilinae, Mytilus"
TableS2,A,UniParc,UPI001B5232FF,,LLLICGDIEPNPGP,PE,E,PERTHEYSEKTLSIFHCNIR,"cellular organisms, Eukaryota, Opisthokonta, Metazoa, Eumetazoa, Bilateria, Protostomia, Spiralia, Lophotrochozoa, Mollusca, Bivalvia, Autobranchia, Pteriomorphia, Mytilida, Mytiloidea, Mytilidae, Mytilinae, Mytilus"
TableS2,A,UniParc,UPI001B48CD7B,,LLLICGDIEPNPGP,PE,E,PERTHEYSEKTLSIFHCNIR,"cellular organisms, Eukaryota, Opisthokonta, Metazoa, Eumetazoa, Bilateria, Protostomia, Spiralia, Lophotrochozoa, Mollusca, Bivalvia, Autobranchia, Pteriomorphia, Mytilida, Mytiloidea, Mytilidae, Mytilinae, Mytilus"
TableS2,A,UniParc,UPI001DC0BB40,,LLLKAGDVEKNPGP,PE,E,PESGVVVAVELQRRRPGMSV,"cellular organisms, Eukaryota, Opisthokonta, Metazoa, Eumetazoa, Bilateria, Protostomia, Ecdysozoa, Panarthropoda, Arthropoda, Mandibulata, Pancrustacea, Crustacea, Multicrustacea, Malacostraca, Eumalacostraca, Eucarida, Decapoda, Pleocyemata, Brachyura, Eubrachyura, Heterotremata, Majoidea, Majidae, Chionoecetes"
TableS2,A,UniParc,UPI001D5DF831,,LLLKAGDVEKNPGP,PE,E,PESGVVVAVELQRRRPGMSV,"cellular organisms, Eukaryota, Opisthokonta, Metazoa, Eumetazoa, Bilateria, Protostomia, Ecdysozoa, Panarthropoda, Arthropoda, Mandibulata, Pancrustacea, Crustacea, Multicrustacea, Malacostraca, Eumalacostraca, Eucarida, Decapoda, Pleocyemata, Brachyura, Eubrachyura, Heterotremata, Majoidea, Majidae, Chionoecetes"
TableS2,A,UniParc,UPI001E1A6C2D,,LLLKAGDVEKNPGP,PE,E,PESGVVVAVELQRRRPGMSV,"cellular organisms, Eukaryota, Opisthokonta, Metazoa, Eumetazoa, Bilateria, Protostomia, Ecdysozoa, Panarthropoda, Arthropoda, Mandibulata, Pancrustacea, Crustacea, Multicrustacea, Malacostraca, Eumalacostraca, Eucarida, Decapoda, Pleocyemata, Brachyura, Eubrachyura, Heterotremata, Majoidea, Majidae, Chionoecetes"
TableS2,A,UniParc,UPI0018873967,,LLLKLSGDVEENPGP,PE,E,PEVEKMLEEILSNQSKLLAK,N/A
TableS2,A,UniParc,UPI0018896CC7,,LLLKLSGDVEENPGP,PE,E,PEVEKMLEEILSNQTKLLAK,N/A
TableS2,A,UniParc,UPI0018877779,,LLLKLSGDVEENPGP,PE,E,PEVEKMLEEILSNQSKLLAK,N/A
TableS2,A,UniParc,UPI0018888446,,LLLKLSGDVEENPGP,PE,E,PEVEKMLEEILSNQTKLLAK,"cellular organisms, Eukaryota, Opisthokonta, Metazoa, Eumetazoa, Bilateria, Protostomia, Ecdysozoa, Panarthropoda, Arthropoda, Chelicerata, Arachnida, Acari, Parasitiformes, Ixodida, Ixodoidea, Ixodidae, Rhipicephalinae, Rhipicephalus, Boophilus"
TableS2,A,UniParc,UPI0020381100,,LLLKLSGDVEENPGP,PE,E,PEVEKMLEEILSNQTKLLAK,"cellular organisms, Eukaryota, Opisthokonta, Metazoa, Eumetazoa, Bilateria, Protostomia, Ecdysozoa, Panarthropoda, Arthropoda, Chelicerata, Arachnida, Acari, Parasitiformes, Ixodida, Ixodoidea, Ixodidae, Rhipicephalinae, Rhipicephalus, Boophilus"
TableS2,A,UniParc,UPI001887DD65,,LLLKLSGDVEENPGP,PE,E,PEVEKMLEEILSNQTKLLAK,N/A
TableS2,A,UniParc,UPI002037A4DC,,LLLKLSGDVEENPGP,PE,E,PEVEKMLEEILSNQSKLLAK,"cellular organisms, Eukaryota, Opisthokonta, Metazoa, Eumetazoa, Bilateria, Protostomia, Ecdysozoa, Panarthropoda, Arthropoda, Chelicerata, Arachnida, Acari, Parasitiformes, Ixodida, Ixodoidea, Ixodidae, Rhipicephalinae, Rhipicephalus, Boophilus"
TableS2,A,UniParc,UPI001886E4C2,,LLLKLSGDVEENPGP,PE,E,PEVEKMLEEILSNQTKLLAK,N/A
TableS2,A,UniParc,UPI0018872F57,,LLLKLSGDVEENPGP,PE,E,PEVEKMLEEILSNQTKLLAK,"cellular organisms, Eukaryota, Opisthokonta, Metazoa, Eumetazoa, Bilateria, Protostomia, Ecdysozoa, Panarthropoda, Arthropoda, Chelicerata, Arachnida, Acari, Parasitiformes, Ixodida, Ixodoidea, Ixodidae, Rhipicephalinae, Rhipicephalus, Boophilus"
TableS2,A,UniParc,UPI001887EEAD,,LLLKLSGDVEENPGP,PE,E,PEVEKMLEEILSNQTKLLAK,N/A
TableS2,A,UniParc,UPI0007AA6A29,,LLLLAGDIEENPGP,PD,D,PDFEEMFNQLLLGQKKIGED,"cellular organisms, Eukaryota, Opisthokonta, Metazoa, Eumetazoa, Bilateria, Protostomia, Ecdysozoa, Panarthropoda, Arthropoda, Chelicerata, Arachnida, Acari, Parasitiformes, Ixodida, Ixodoidea, Ixodidae, Ixodinae, Ixodes"
TableS2,A,UniParc,UPI0018877CFB,,LLLLAGDIESNPGP,PD,D,PDLAQIAKQLKEVAVDIKEI,N/A
TableS2,A,UniParc,UPI001887843A,,LLLLAGDIESNPGP,PD,D,PDLAQIAKQLKEVAVDIKEI,N/A
TableS2,A,UniParc,UPI0002AEF210,,LLLLAGDIETNPGP,PD,D,PDLSQLSKQLQQIADDLKEI,"cellular organisms, Eukaryota, Opisthokonta, Metazoa, Eumetazoa, Bilateria, Protostomia, Ecdysozoa, Panarthropoda, Arthropoda, Chelicerata, Arachnida, Acari, Parasitiformes, Ixodida, Ixodoidea, Ixodidae, Rhipicephalinae, Rhipicephalus, Rhipicephalus"
TableS2,A,UniParc,UPI0021C50DB5,,LLLLAGDIETNPGP,PE,E,PELTQISKQLEAIAGDIKSI,N/A
TableS2,A,UniParc,UPI00189735D3,,LLLLAGDVELNPGP,PE,E,PETNATSHSLESIAQALSRL,N/A
TableS2,A,UniParc,UPI002031DED6,,LLLLAGDVETNPGP,PD,D,PDISQLSRQLQQIADDLKVI,N/A
TableS2,A,UniParc,UPI001E81F9F4,,LLLLCSGDVHPNPGP,PD,D,PDSSSSSSLSGYSHILNNNG,"cellular organisms, Eukaryota, Opisthokonta, Metazoa, Eumetazoa, Bilateria, Protostomia, Spiralia, Lophotrochozoa, Mollusca, Bivalvia, Autobranchia, Heteroconchia, Euheterodonta, Imparidentia, Neoheterodontei, Myida, Dreissenoidea, Dreissenidae, Dreissena"
TableS2,A,UniParc,UPI0020C318E4,,LLLLGGDIETNPGP,PD,D,PDTAQILKQLREIAADIKDI,N/A
TableS2,A,UniParc,UPI0018988F91,,LLLLGGDIETNPGP,PE,E,PETAQILKQLKEIAADIKDI,N/A
TableS2,A,UniParc,UPI000DBB0F61,,LLLLGGDVETNPGP,PD,D,PDMEARAKQELHPLLRRVAD,N/A
TableS2,A,UniParc,UPI001FC7619D,,LLLLLAGDVESNPGP,PD,D,PDMAELLAEIGKLSVDIKSI,N/A
TableS2,A,UniParc,UPI001889BF9E,,LLLLLCGDVESNPGP,PD,D,PDNLAELVKTMKDLNERTKR,N/A
TableS2,A,UniParc,UPI001888BF92,,LLLLLCGDVESNPGP,PD,D,PDNLAELVKTMKDLNERTKR,N/A
TableS2,A,UniParc,UPI002155E5C4,,LLLLLSGDIEINPGP,PD,D,PDTAAILAELKKISTGQSKL,N/A
TableS2,A,UniParc,UPI0021559F57,,LLLLLSGDIETNPGP,PD,D,PDTAAILAELKKISTGQSKL,N/A
TableS2,A,UniParc,UPI0021552E9D,,LLLLLSGDIETNPGP,PD,D,PDTAAILAELKKISTGQSKL,N/A
TableS2,A,UniParc,UPI002155284C,,LLLLLSGDIETNPGP,PD,D,PDTAAILAELKKISTGQSKL,N/A
TableS2,A,UniParc,UPI0007AA64DA,,LLLLLSGDIETNPGP,PD,D,PDDCPQLASILQTVQRIEQG,"cellular organisms, Eukaryota, Opisthokonta, Metazoa, Eumetazoa, Bilateria, Protostomia, Ecdysozoa, Panarthropoda, Arthropoda, Chelicerata, Arachnida, Acari, Parasitiformes, Ixodida, Ixodoidea, Ixodidae, Ixodinae, Ixodes"
TableS2,A,UniParc,UPI002155555B,,LLLLLSGDIETNPGP,PD,D,PDTAAILAELKKISTGQSKL,N/A
TableS2,A,UniParc,UPI00215502C2,,LLLLLSGDIETNPGP,PD,D,PDTAAILAELKKISTGQSKL,N/A
TableS2,A,UniParc,UPI0021554764,,LLLLLSGDIETNPGP,PD,D,PDTAAILAELKKISTGQSKL,N/A
TableS2,A,UniParc,UPI001FC738A5,,LLLLLSGDIEVNPGP,PD,D,PDDESKAERMLADLLAGQAR,"cellular organisms, Eukaryota, Opisthokonta, Metazoa, Eumetazoa, Bilateria, Protostomia, Ecdysozoa, Panarthropoda, Arthropoda, Chelicerata, Arachnida, Acari, Parasitiformes, Ixodida, Ixodoidea, Ixodidae, Haemaphysalinae, Haemaphysalis"
TableS2,A,UniParc,UPI001C39119A,,LLLLLSGDVERNPGP,PE,E,PETRLETMISQVLENQKQLK,N/A
TableS2,A,UniParc,UPI001A9DDA58,,LLLLLSGDVERNPGP,PE,E,PETRLETMISQVLENQKQLK,N/A
TableS2,A,UniParc,UPI001C3891E0,,LLLLLSGDVERNPGP,PE,E,PETRLETMISQVLENQKQLK,N/A
TableS2,A,UniParc,UPI0003D10870,,LLLLLSGDVERNPGP,PE,E,PETRLETMISQVLENQKQLK,"cellular organisms, Eukaryota, Opisthokonta, Metazoa, Eumetazoa, Bilateria, Protostomia, Ecdysozoa, Panarthropoda, Arthropoda, Chelicerata, Arachnida, Acari, Parasitiformes, Ixodida, Ixodoidea, Ixodidae, Ixodinae, Ixodes"
TableS2,A,UniParc,UPI0007AA6FF5,,LLLLLSGDVESNPGP,PD,D,PDKVCKSCTQTKQSELTAIL,"cellular organisms, Eukaryota, Opisthokonta, Metazoa, Eumetazoa, Bilateria, Protostomia, Ecdysozoa, Panarthropoda, Arthropoda, Chelicerata, Arachnida, Acari, Parasitiformes, Ixodida, Ixodoidea, Ixodidae, Ixodinae, Ixodes"
TableS2,A,UniParc,UPI001FC6E3F1,,LLLLLSGDVETNPGP,PE,E,PEMQEILTELQKISAGQATL,"cellular organisms, Eukaryota, Opisthokonta, Metazoa, Eumetazoa, Bilateria, Protostomia, Ecdysozoa, Panarthropoda, Arthropoda, Chelicerata, Arachnida, Acari, Parasitiformes, Ixodida, Ixodoidea, Ixodidae, Haemaphysalinae, Haemaphysalis"
TableS2,A,UniParc,UPI00194C7B4B,,LLLLLSGNVEPNPGP,PD,D,PDFNYLSTPCDFKARSGLGV,"cellular organisms, Eukaryota, Opisthokonta, Metazoa, Eumetazoa, Bilateria, Deuterostomia, Chordata, Craniata, Vertebrata, Gnathostomata, Teleostomi, Euteleostomi, Actinopterygii, Actinopteri, Neopterygii, Teleostei, Osteoglossocephalai, Clupeocephala, Euteleosteomorpha, Neoteleostei, Eurypterygia, Ctenosquamata, Acanthomorphata, Paracanthopterygii, Zeiogadaria, Gadariae, Gadiformes, Gadoidei, Gadidae, Gadus"
TableS2,A,UniParc,UPI000A1351A8,,LLLLMSGDVELNPGP,PD,D,PDPKSILQKYSANLSKAISA,"cellular organisms, Eukaryota, Opisthokonta, Metazoa, Porifera, Demospongiae, Heteroscleromorpha, Haplosclerida, Niphatidae, Amphimedon"
TableS2,A,UniParc,UPI00096B09FA,,LLLLMSGDVELNPGP,PD,D,PDPKSILQKYSANLSKAISA,N/A
TableS2,A,UniParc,UPI001892F799,,LLLLSGDIEANPGP,PD,D,PDRRTKALLDMDSLPDDPSE,N/A
TableS2,A,UniParc,UPI001A9FE0AA,,LLLLSGDIESNPGP,PD,D,PDTEETLQKLLVGQNKIFEA,N/A
TableS2,A,UniParc,UPI001A9CF5CE,,LLLLSGDIESNPGP,PD,D,PDTEETLQKLLVGQNKIFEV,N/A
TableS2,A,UniParc,UPI001161603D,,LLLLSGDIESNPGP,PD,D,PDTEETLQKLLVGQNKIFEA,N/A
TableS2,A,UniParc,UPI0010C6F10F,,LLLLSGDIETNPGP,PD,D,PDMNKIMKQLQVIADDIKEI,N/A
TableS2,A,UniParc,UPI00144BCA18,,LLLLSGDIETNPGP,PD,D,PDTLVSEDVSSLSQILKLQF,"cellular organisms, Eukaryota, Opisthokonta, Metazoa, Eumetazoa, Bilateria, Protostomia, Ecdysozoa, Panarthropoda, Arthropoda, Chelicerata, Arachnida, Acari, Parasitiformes, Ixodida, Ixodoidea, Ixodidae, Ixodinae, Ixodes"
TableS2,A,UniParc,UPI002031CB3C,,LLLLSGDVETNPGP,PD,D,PDLSDLAEQLTQIAADIKTI,N/A
TableS2,A,UniParc,UPI002155EB88,,LLLLSGDVETNPGP,PD,D,PDDVTIAEQLKSIAKDIQEI,N/A
TableS2,A,UniParc,UPI0021C540F6,,LLLLTCGDVESNPGP,PE,E,PEDLAQILQTMKDMNERSKR,N/A
TableS2,A,UniParc,UPI001893775D,,LLLLVSGDIESNPGP,PD,D,PDAVLAELQKLSAGQSTLLN,N/A
TableS2,A,UniParc,UPI0020C2D1D2,,LLLLVSGDIESNPGP,PD,D,PDAVLAELQKLSAGQSTLLN,N/A
TableS2,A,UniParc,UPI001893DD99,,LLLLVSGDIESNPGP,PD,D,PDAVLAELQKLSAGQSTLLN,N/A
TableS2,A,UniParc,UPI001893C63B,,LLLLVSGDIESNPGP,PD,D,PDAVLAELQKLSAGQSTLLN,N/A
TableS2,A,UniParc,UPI001CEE79F0,,LLLLVSGDVESNPGP,PD,D,PDRELLAKIELVLKNQTDIR,N/A
TableS2,A,UniParc,UPI00123B3B10,,LLLMRSGDVETNPGP,PD,D,PDTAESTVSDMEFLKLAHAI,"cellular organisms, Eukaryota, Opisthokonta, Metazoa, Eumetazoa, Bilateria, Deuterostomia, Echinodermata, Eleutherozoa, Echinozoa, Echinoidea, Euechinoidea, Echinacea, Camarodonta, Echinidea, Strongylocentrotidae, Strongylocentrotus"
TableS2,A,UniParc,UPI00123C16AB,,LLLMRSGDVETNPGP,PD,D,PDTAERTVSEKEFLKLAKAI,"cellular organisms, Eukaryota, Opisthokonta, Metazoa, Eumetazoa, Bilateria, Deuterostomia, Echinodermata, Eleutherozoa, Echinozoa, Echinoidea, Euechinoidea, Echinacea, Camarodonta, Echinidea, Strongylocentrotidae, Strongylocentrotus"
TableS2,A,UniParc,UPI00123A6299,,LLLMRSGDVETNPGP,PD,D,PDTAESTVSDMEFLKLAYDI,"cellular organisms, Eukaryota, Opisthokonta, Metazoa, Eumetazoa, Bilateria, Deuterostomia, Echinodermata, Eleutherozoa, Echinozoa, Echinoidea, Euechinoidea, Echinacea, Camarodonta, Echinidea, Strongylocentrotidae, Strongylocentrotus"
TableS2,A,UniParc,UPI001CB2EC08,,LLLQAGDVETNPGP,PE,E,PELTAQSDMKFLFSNINSIG,"cellular organisms, Eukaryota, Opisthokonta, Metazoa, Eumetazoa, Bilateria, Protostomia, Spiralia, Lophotrochozoa, Annelida, Polychaeta, Sedentaria, Canalipalpata, Sabellida, Oweniida, Oweniidae, Owenia"
TableS2,A,UniParc,UPI001CAE19A3,,LLLQAGDVETNPGP,PE,E,PELTAQSDMKFLFSNINSIG,"cellular organisms, Eukaryota, Opisthokonta, Metazoa, Eumetazoa, Bilateria, Protostomia, Spiralia, Lophotrochozoa, Annelida, Polychaeta, Sedentaria, Canalipalpata, Sabellida, Oweniida, Oweniidae, Owenia"
TableS2,A,UniParc,UPI00090C027E,,LLLQQAGDVEMNPGP,PD,D,PDPWALFAQGEKYGPPPMAM,"Viruses, Riboviria, unclassified Riboviria, unclassified RN/A viruses ShiM-2016"
TableS2,A,UniParc,UPI002100C430,,LLLRSGDVEANPGP,PD,D,PDRRTKALLDMDSLPDDPSE,N/A
TableS2,A,UniParc,UPI001BB136AC,,LLLRSGDVEPNPGP,PD,D,PDTNPGNLTELELILLADGM,N/A
TableS2,A,UniParc,UPI001BB1BFD9,,LLLRSGDVEPNPGP,PD,D,PDTNPGNLTELELNLLADGM,N/A
TableS2,A,UniParc,UPI001BB183EE,,LLLRSGDVEPNPGP,PD,D,PDTNPGNLTELELILLADGM,N/A
TableS2,A,UniParc,UPI001BB102E9,,LLLRSGDVEQNPGP,PD,D,PDTNPGNLTEFELHLLADGM,N/A
TableS2,A,UniParc,UPI001BB1D18C,,LLLRSGDVEQNPGP,PD,D,PDTNPGNLTEFELHLLADGM,N/A
TableS2,A,UniParc,UPI0021551A7C,,LLLRSGDVETNPGP,PD,D,PDTRSASLLSLEDLPDDLAE,N/A
TableS2,A,UniParc,UPI0017595383,,LLLSAGDIELNPGP,PD,D,PDSDSSSQQKNKQQRTSRSF,"cellular organisms, Eukaryota, Opisthokonta, Metazoa, Eumetazoa, Cnidaria, Anthozoa, Octocorallia, Malacalcyonacea, Plexauridae, Paramuricea"
TableS2,A,UniParc,UPI0010C6F581,,LLLSGDIELNPGP,PD,D,PDKKEVQTKEMSEMLVLLRG,"cellular organisms, Eukaryota, Opisthokonta, Metazoa, Eumetazoa, Bilateria, Protostomia, Ecdysozoa, Panarthropoda, Arthropoda, Chelicerata, Arachnida, Acari, Parasitiformes, Ixodida, Ixodoidea, Ixodidae, Ixodinae, Ixodes"
TableS2,A,UniParc,UPI00116157FA,,LLLSGDVEENPGP,PD,D,PDGNVEDMVRQILSNQNRIA,N/A
TableS2,A,UniParc,UPI001161593F,,LLLSGDVEENPGP,PD,D,PDGNVEDMVRQILSNQNRIA,N/A
TableS2,A,UniParc,UPI001C38CF86,,LLLSGDVEENPGP,PD,D,PDGNVEDMVRQILSNQNRIA,N/A
TableS2,A,UniParc,UPI002031E8B7,,LLLSGDVELNPGP,PE,E,PEAAKKLDEIIENQKVSSCE,N/A
TableS2,A,UniParc,UPI001A9FE8E3,,LLLSGDVELNPGP,PD,D,PDTTLEKLIKQVLENQKQMS,N/A
TableS2,A,UniParc,UPI001A9D2D33,,LLLSGDVELNPGP,PD,D,PDTTLEKMIKQVLENQKQMS,N/A
TableS2,A,UniParc,UPI002031CF2B,,LLLSGDVELNPGP,PE,E,PEVAKKLDEIIENQKVSSCE,N/A
TableS2,A,UniParc,UPI001A9E059A,,LLLSGDVELNPGP,PD,D,PDTTLEKMIKQVLENQKQMS,N/A
TableS2,A,UniParc,UPI0020378066,,LLLSGDVELNPGP,PD,D,PDLKVLLKELPEGQKSIKAD,"cellular organisms, Eukaryota, Opisthokonta, Metazoa, Eumetazoa, Bilateria, Protostomia, Ecdysozoa, Panarthropoda, Arthropoda, Chelicerata, Arachnida, Acari, Parasitiformes, Ixodida, Ixodoidea, Ixodidae, Rhipicephalinae, Rhipicephalus, Boophilus"
TableS2,A,UniParc,UPI001C388FC7,,LLLSGDVELNPGP,PD,D,PDTTLEKFIKQVLENQKQMS,N/A
TableS2,A,UniParc,UPI00144EC229,,LLLSGDVELNPGP,PD,D,PDIEVLLEQISKDIAEIKTS,"cellular organisms, Eukaryota, Opisthokonta, Metazoa, Eumetazoa, Bilateria, Protostomia, Ecdysozoa, Panarthropoda, Arthropoda, Chelicerata, Arachnida, Acari, Parasitiformes, Ixodida, Ixodoidea, Ixodidae, Ixodinae, Ixodes"
TableS2,A,UniParc,UPI001FC78A75,,LLLSGDVELNPGP,PD,D,PDVKAMLKELCGGQKVILEE,N/A
TableS2,A,UniParc,UPI001A9D3065,,LLLSGDVELNPGP,PD,D,PDTTLEKMIKQVLENQKQMS,N/A
TableS2,A,UniParc,UPI001FC75A30,,LLLSGDVETNPGP,PD,D,PDIKVLVQGLCDGQKAIQAN,"cellular organisms, Eukaryota, Opisthokonta, Metazoa, Eumetazoa, Bilateria, Protostomia, Ecdysozoa, Panarthropoda, Arthropoda, Chelicerata, Arachnida, Acari, Parasitiformes, Ixodida, Ixodoidea, Ixodidae, Haemaphysalinae, Haemaphysalis"
TableS2,A,UniParc,UPI001FC68F58,,LLLSGDVETNPGP,PD,D,PDIKVLVQGLCDRQKAIQAN,"cellular organisms, Eukaryota, Opisthokonta, Metazoa, Eumetazoa, Bilateria, Protostomia, Ecdysozoa, Panarthropoda, Arthropoda, Chelicerata, Arachnida, Acari, Parasitiformes, Ixodida, Ixodoidea, Ixodidae, Haemaphysalinae, Haemaphysalis"
TableS2,A,UniParc,UPI0018FDA766,,LLLVAGDIEENPGP,PE,E,PELSQIAKQLKDIATDIKDI,N/A
TableS2,A,UniParc,UPI002100E1B1,,LLLVLAGDVELNPGP,PD,D,PDGNSNPQPSLESIAMAISR,N/A
TableS2,A,UniParc,UPI001A9DD106,,LLMLAGDVESNPGP,PD,D,PDEVPTRVLLEQLLATQKEI,N/A
TableS2,A,UniParc,UPI001A9CE649,,LLMLAGDVESNPGP,PD,D,PDEVPTRVLLEQLLATQKEI,N/A
TableS2,A,UniParc,UPI001C37F2DF,,LLMLCGDVEVNPGP,PE,E,PETRNKQLDDMCKLLQDGQS,N/A
TableS2,A,UniParc,UPI001A9D5361,,LLMLCGDVEVNPGP,PE,E,PETRNKQLDDMCKLLQDGQS,N/A
TableS2,A,UniParc,UPI001A9FBF5E,,LLMLCGDVEVNPGP,PE,E,PETRNKQLDDMCKLLQDGQS,N/A
TableS2,A,UniParc,UPI001A9F98B6,,LLMLCGDVEVNPGP,PE,E,PETRNKQLDDMCKLLQDGQS,N/A
TableS2,A,UniParc,UPI001A9EAA4E,,LLMLCGDVEVNPGP,PD,D,PDTPNKQLDEMCKPLQDGQS,N/A
TableS2,A,UniParc,UPI001A9D8945,,LLMLCGDVEVNPGP,PE,E,PETRNKQLDDMCKLLQDGQS,N/A
TableS2,A,UniParc,UPI001C38A6D6,,LLMLCGDVEVNPGP,PE,E,PETRNKQLDNMCKLLQDGQS,N/A
TableS2,A,UniParc,UPI001A9DC6DF,,LLMLCGDVEVNPGP,PE,E,PETRNKQLDDMCKLLQDGQS,N/A
TableS2,A,UniParc,UPI001AD64C8D,,LLMLCGDVEVNPGP,PE,E,PETRNKQLDDMCKLLQDGQS,N/A
TableS2,A,UniParc,UPI001A9D5C0D,,LLMLCGDVEVNPGP,PE,E,PETRNKQLDDMCKLLQDGQS,N/A
TableS2,A,UniParc,UPI001FC79DAA,,LLMSGDIEENPGP,PD,D,PDTKEMLEQILKNQKEASDA,"cellular organisms, Eukaryota, Opisthokonta, Metazoa, Eumetazoa, Bilateria, Protostomia, Ecdysozoa, Panarthropoda, Arthropoda, Chelicerata, Arachnida, Acari, Parasitiformes, Ixodida, Ixodoidea, Ixodidae, Haemaphysalinae, Haemaphysalis"
TableS2,A,UniParc,UPI002072A053,,LLQAGDIETNPGP,PE,E,PENVHDLSILHLNIRSIRSK,N/A
TableS2,A,UniParc,UPI0020721D58,,LLQAGDIETNPGP,PE,E,PENVHDLSILHLNIRSIRSK,N/A
TableS2,A,UniParc,UPI0018999505,,LLQSGDIETNPGP,PD,D,PDTDAVLAELKKLSAGQTTI,N/A
TableS2,A,UniParc,UPI002100FB65,,LLQSGDIETNPGP,PD,D,PDTDAVLAELKKLSAGQTTI,N/A
TableS2,A,UniParc,UPI002100A68D,,LLQSGDIETNPGP,PD,D,PDTDAVLAELKKLSAGQTTI,N/A
TableS2,A,UniParc,UPI0021016720,,LLQSGDIETNPGP,PD,D,PDTDAVLAVLKKLSAGQTTI,N/A
TableS2,A,UniParc,UPI002101C275,,LLQSGDIETNPGP,PD,D,PDTDAVLAELKKLSARQTTI,N/A
TableS2,A,UniParc,UPI00144C257E,,LLRGGDVEENPGP,PD,D,PDTETMREILESQKEMAINI,"cellular organisms, Eukaryota, Opisthokonta, Metazoa, Eumetazoa, Bilateria, Protostomia, Ecdysozoa, Panarthropoda, Arthropoda, Chelicerata, Arachnida, Acari, Parasitiformes, Ixodida, Ixodoidea, Ixodidae, Ixodinae, Ixodes"
TableS2,A,UniParc,UPI0007AA6055,,LLRGGDVEENPGP,PD,D,PDTETMREILESQKEMAINI,"cellular organisms, Eukaryota, Opisthokonta, Metazoa, Eumetazoa, Bilateria, Protostomia, Ecdysozoa, Panarthropoda, Arthropoda, Chelicerata, Arachnida, Acari, Parasitiformes, Ixodida, Ixodoidea, Ixodidae, Ixodinae, Ixodes"
TableS2,A,UniParc,UPI001C38FE40,,LLRLCGDVEVNPGP,PE,E,PETRNKQLDDMCKLLQDGQS,N/A
TableS2,A,UniParc,UPI0018872737,,LLSGDIETNPGP,PD,D,PDMNKIMKQLQVIADEIKEE,N/A
TableS2,A,UniParc,UPI001FC744DD,,LLVCCGDVETNPGP,PD,D,PDKLDMIISALKDAATSRDA,"cellular organisms, Eukaryota, Opisthokonta, Metazoa, Eumetazoa, Bilateria, Protostomia, Ecdysozoa, Panarthropoda, Arthropoda, Chelicerata, Arachnida, Acari, Parasitiformes, Ixodida, Ixodoidea, Ixodidae, Haemaphysalinae, Haemaphysalis"
TableS2,A,UniParc,UPI00123854FE,,LLVRSGDVETNPGP,PD,D,PDRIVSEKEFLKLSKQIEPS,"cellular organisms, Eukaryota, Opisthokonta, Metazoa, Eumetazoa, Bilateria, Deuterostomia, Echinodermata, Eleutherozoa, Echinozoa, Echinoidea, Euechinoidea, Echinacea, Camarodonta, Echinidea, Strongylocentrotidae, Strongylocentrotus"
TableS2,A,UniParc,UPI001239D3AF,,LLVRSGDVETNPGP,PD,D,PDRIVSEKEFLKLSKQIKPS,"cellular organisms, Eukaryota, Opisthokonta, Metazoa, Eumetazoa, Bilateria, Deuterostomia, Echinodermata, Eleutherozoa, Echinozoa, Echinoidea, Euechinoidea, Echinacea, Camarodonta, Echinidea, Strongylocentrotidae, Strongylocentrotus"
TableS2,A,UniParc,UPI001239FAE8,,LLVRSGDVETNPGP,PD,D,PDRIVSEKEFLQLSKQIEPS,"cellular organisms, Eukaryota, Opisthokonta, Metazoa, Eumetazoa, Bilateria, Deuterostomia, Echinodermata, Eleutherozoa, Echinozoa, Echinoidea, Euechinoidea, Echinacea, Camarodonta, Echinidea, Strongylocentrotidae, Strongylocentrotus"
TableS2,A,UniParc,UPI00123A3641,,LLVRSGDVETNPGP,PD,D,PDRIVSEREFFKLSKQIDPS,"cellular organisms, Eukaryota, Opisthokonta, Metazoa, Eumetazoa, Bilateria, Deuterostomia, Echinodermata, Eleutherozoa, Echinozoa, Echinoidea, Euechinoidea, Echinacea, Camarodonta, Echinidea, Strongylocentrotidae, Strongylocentrotus"
TableS2,A,UniParc,UPI00123AB05A,,LLVRSGDVETNPGP,PD,D,PDRIVSEREFFKLSKQIDPS,"cellular organisms, Eukaryota, Opisthokonta, Metazoa, Eumetazoa, Bilateria, Deuterostomia, Echinodermata, Eleutherozoa, Echinozoa, Echinoidea, Euechinoidea, Echinacea, Camarodonta, Echinidea, Strongylocentrotidae, Strongylocentrotus"
TableS2,A,UniParc,UPI00123BF618,,LLVRSGDVETNPGP,PD,D,PDRIVSEKEFLKLSKQIEPS,"cellular organisms, Eukaryota, Opisthokonta, Metazoa, Eumetazoa, Bilateria, Deuterostomia, Echinodermata, Eleutherozoa, Echinozoa, Echinoidea, Euechinoidea, Echinacea, Camarodonta, Echinidea, Strongylocentrotidae, Strongylocentrotus"
TableS2,A,UniParc,UPI00123A1659,,LLVRSGDVETNPGP,PD,D,PDRIVSEREFFKLSKQIDPS,"cellular organisms, Eukaryota, Opisthokonta, Metazoa, Eumetazoa, Bilateria, Deuterostomia, Echinodermata, Eleutherozoa, Echinozoa, Echinoidea, Euechinoidea, Echinacea, Camarodonta, Echinidea, Strongylocentrotidae, Strongylocentrotus"
TableS2,A,UniParc,UPI00123AAE61,,LLVRSGDVETNPGP,PD,D,PDRIVSEREFFKLSKQIDPS,"cellular organisms, Eukaryota, Opisthokonta, Metazoa, Eumetazoa, Bilateria, Deuterostomia, Echinodermata, Eleutherozoa, Echinozoa, Echinoidea, Euechinoidea, Echinacea, Camarodonta, Echinidea, Strongylocentrotidae, Strongylocentrotus"
TableS2,A,UniParc,UPI001233219E,,LLYLCGDVEKNPGP,PE,E,PENHLQITEFNKALDEINDI,N/A
TableS2,A,UniParc,UPI001232F4FA,,LLYLCGDVEKNPGP,PE,E,PENHLQITEFNKALDEINDI,N/A
TableS2,A,UniParc,UPI001A9D7F14,,LMLCGDVEVNPGP,PE,E,PETRNKQLDDMCKLLQDGQS,N/A
TableS2,A,UniParc,UPI0007AA6A62,,LQLSGDIETNPGP,PD,D,PDSVDTQVANILSIVTRIET,"cellular organisms, Eukaryota, Opisthokonta, Metazoa, Eumetazoa, Bilateria, Protostomia, Ecdysozoa, Panarthropoda, Arthropoda, Chelicerata, Arachnida, Acari, Parasitiformes, Ixodida, Ixodoidea, Ixodidae, Ixodinae, Ixodes"
TableS2,A,UniParc,UPI001C38B713,,LQLSGDIETNPGP,PD,D,PDSVDSQVANILSIVTRIEI,N/A
TableS2,A,UniParc,UPI00043ADBA0,,LQQAGDVEMNPGP,PE,E,PEFRKADTQMTVDKKVTCFS,"Viruses, Riboviria, Orthornavirae, Pisuviricota, Pisoniviricetes, Picornavirales, Picornaviridae, Paavivirinae, Aalivirus, Aalivirus A"
TableS2,A,UniParc,UPI00176BDBD6,,LQQAGDVEMNPGP,PE,E,PEFRKADTQMTIDRKVTCFS,"Viruses, Riboviria, Orthornavirae, Pisuviricota, Pisoniviricetes, Picornavirales, Picornaviridae, Paavivirinae, Aalivirus, unclassified Aalivirus"
TableS2,A,UniParc,UPI001317CAA3,,LSGDVELNPGP,PD,D,PDYISLLNYYSQTRDVKVDY,"Viruses, Riboviria, Orthornavirae, Duplornaviricota, Resentoviricetes, Reovirales, Sedoreoviridae, Rotavirus, unclassified Rotavirus"
TableS2,A,UniParc,UPI001FC6D856,,LVKTCGDVELNPGP,PD,D,PDDVTNNLSGELSNVVKAIT,"cellular organisms, Eukaryota, Opisthokonta, Metazoa, Eumetazoa, Bilateria, Protostomia, Ecdysozoa, Panarthropoda, Arthropoda, Chelicerata, Arachnida, Acari, Parasitiformes, Ixodida, Ixodoidea, Ixodidae, Haemaphysalinae, Haemaphysalis"
TableS2,A,UniParc,UPI00123C123C,,LVMRSGDVETNPGP,PD,D,PDRIVSEKEFLKLSKQIEPS,"cellular organisms, Eukaryota, Opisthokonta, Metazoa, Eumetazoa, Bilateria, Deuterostomia, Echinodermata, Eleutherozoa, Echinozoa, Echinoidea, Euechinoidea, Echinacea, Camarodonta, Echinidea, Strongylocentrotidae, Strongylocentrotus"
TableS2,A,UniParc,UPI00123B2833,,LVMRSGDVETNPGP,PD,D,PDRIVSEKEFLKLSKQIEPS,"cellular organisms, Eukaryota, Opisthokonta, Metazoa, Eumetazoa, Bilateria, Deuterostomia, Echinodermata, Eleutherozoa, Echinozoa, Echinoidea, Euechinoidea, Echinacea, Camarodonta, Echinidea, Strongylocentrotidae, Strongylocentrotus"
TableS2,A,UniParc,UPI001FC6B2E8,,MLLLLAGDVELNPGP,PD,D,PDTVHEMLEEHLKGQKTIAG,"cellular organisms, Eukaryota, Opisthokonta, Metazoa, Eumetazoa, Bilateria, Protostomia, Ecdysozoa, Panarthropoda, Arthropoda, Chelicerata, Arachnida, Acari, Parasitiformes, Ixodida, Ixodoidea, Ixodidae, Haemaphysalinae, Haemaphysalis"
TableS2,A,UniParc,UPI001A9E1AEE,,MLLLLSGDVEVNPGP,PD,D,PDMKIIMEQLKAIAKDIQDI,N/A
TableS2,A,UniParc,UPI001FC6E905,,MLLLVCGDVESNPGP,PE,E,PEVEDMLRELLSGQTKITQE,N/A
TableS2,A,UniParc,UPI001FC6C888,,MLLMLSGDVKSNPGP,PD,D,PDMAQLMEQLQIIAEDVKDI,N/A
TableS2,A,UniParc,UPI001895EB0B,,MLLQLSGDVEENPGP,PD,D,PDKLDQILAMVTSIKSSQAC,N/A
TableS2,A,UniParc,UPI001894BB41,,MLLQLSGDVEENPGP,PD,D,PDKLDQILAMVTSIKSSQAC,N/A
TableS2,A,UniParc,UPI00189C159A,,MLLQLSGDVEQNPGP,PD,D,PDKLDEILRAVTEIRTSHST,N/A
TableS2,A,UniParc,UPI00189BA9A8,,MLLQLSGDVEQNPGP,PD,D,PDKLDEIFRAVTEIRTSHST,N/A
TableS2,A,UniParc,UPI0007AA6267,,MLLRSGDVESNPGP,PD,D,PDTQVLLKQLLDGQAQIAAD,"cellular organisms, Eukaryota, Opisthokonta, Metazoa, Eumetazoa, Bilateria, Protostomia, Ecdysozoa, Panarthropoda, Arthropoda, Chelicerata, Arachnida, Acari, Parasitiformes, Ixodida, Ixodoidea, Ixodidae, Ixodinae, Ixodes"
TableS2,A,UniParc,UPI001C386324,,MLLVLSGDVEVNPGP,PD,D,PDMKIIMEQLKAIAKDIQDI,N/A
TableS2,A,UniParc,UPI000770E88A,,MLLVLSGDVEVNPGP,PD,D,PDMKIIMEQLKTIAKDLQDI,"cellular organisms, Eukaryota, Opisthokonta, Metazoa, Eumetazoa, Bilateria, Protostomia, Ecdysozoa, Panarthropoda, Arthropoda, Chelicerata, Arachnida, Acari, Parasitiformes, Ixodida, Ixodoidea, Ixodidae, Ixodinae, Ixodes"
TableS2,A,UniParc,UPI000C00BD43,,NLLRSGDVELNPGP,PE,E,PEQNVNNQTNLSVDSSTLLN,"cellular organisms, Eukaryota, Opisthokonta, Metazoa, Eumetazoa, Cnidaria, Anthozoa, Hexacorallia, Scleractinia, Astrocoeniina, Pocilloporidae, Stylophora"
TableS2,A,UniParc,UPI000C0131A8,,NLLRSGDVELNPGP,PE,E,PEQNVNNQTNLSVDSSTLLN,"cellular organisms, Eukaryota, Opisthokonta, Metazoa, Eumetazoa, Cnidaria, Anthozoa, Hexacorallia, Scleractinia, Astrocoeniina, Pocilloporidae, Stylophora"
TableS2,A,UniParc,UPI000C00A618,,NLLRSGDVELNPGP,PE,E,PEQNVNNQTNLSVDSSTLLN,"cellular organisms, Eukaryota, Opisthokonta, Metazoa, Eumetazoa, Cnidaria, Anthozoa, Hexacorallia, Scleractinia, Astrocoeniina, Pocilloporidae, Stylophora"
TableS2,A,UniParc,UPI0001E2368C,,QCGDVEENPGP,PD,D,PDIELVY,N/A
TableS2,A,UniParc,UPI0001E2368F,,QCGDVESNPGP,PD,D,PDIELVY,N/A
TableS2,A,UniParc,UPI0001E2368E,,QCGDVETNPGP,PD,D,PDIELVY,N/A
TableS2,A,UniParc,UPI0001E2368D,,QCGDVETNPGP,PD,D,PDIELVY,N/A
TableS2,A,UniParc,UPI001893DBD1,,RCLLLLAGDIESNPGP,PD,D,PDTSAVLSELRKLTTGQSQL,N/A
TableS2,A,UniParc,UPI001895A55A,,RCLLLLAGDIESNPGP,PD,D,PDTSAVLSELRKLTTGQSQL,N/A
TableS2,A,UniParc,UPI0018F91B42,,RDLLLLAGDIETNPGP,PE,E,PEMANILAELKTLTAGQSKL,N/A
TableS2,A,UniParc,UPI0018FB8F16,,RDLLLLAGDIETNPGP,PE,E,PEMANILAELKTLTAGQSKL,N/A
TableS2,A,UniParc,UPI0014190565,,RDLLLLAGDVETNPGP,PD,D,PDLKQISQQLTQIAGDIKEI,"cellular organisms, Eukaryota, Opisthokonta, Metazoa, Eumetazoa, Bilateria, Protostomia, Ecdysozoa, Panarthropoda, Arthropoda, Chelicerata, Arachnida, Acari, Parasitiformes, Ixodida, Ixodoidea, Ixodidae, Rhipicephalinae, Rhipicephalus, Boophilus"
TableS2,A,UniParc,UPI001A9E4FD7,,RDLLLSGDIESNPGP,PD,D,PDDCQGGGNPTMEEMVKAIL,N/A
TableS2,A,UniParc,UPI001C390081,,RDLLLSGDIESNPGP,PD,D,PDDCQGGGNPTMEEMVKAIL,N/A
TableS2,A,UniParc,UPI00144DCB62,,RDLLLSGDIESNPGP,PD,D,PDGCQEGSNPTMEEMVKAIL,"cellular organisms, Eukaryota, Opisthokonta, Metazoa, Eumetazoa, Bilateria, Protostomia, Ecdysozoa, Panarthropoda, Arthropoda, Chelicerata, Arachnida, Acari, Parasitiformes, Ixodida, Ixodoidea, Ixodidae, Ixodinae, Ixodes"
TableS2,A,UniParc,UPI001A9DA21B,,RDLLLSGDIESNPGP,PD,D,PDDCQGGGNPTMEEMVKAIL,N/A
TableS2,A,UniParc,UPI00144F6267,,RDLLLSGDIESNPGP,PD,D,PDGCQEGSNPTMEEMVKAIL,"cellular organisms, Eukaryota, Opisthokonta, Metazoa, Eumetazoa, Bilateria, Protostomia, Ecdysozoa, Panarthropoda, Arthropoda, Chelicerata, Arachnida, Acari, Parasitiformes, Ixodida, Ixodoidea, Ixodidae, Ixodinae, Ixodes"
TableS2,A,UniParc,UPI001A9E8E88,,RDLLSCGDIESNPGP,PD,D,PDDDCIPTMEEMVKDILAKQ,N/A
TableS2,A,UniParc,UPI001C389D35,,RDLLSCGDIESNPGP,PD,D,PDDDCIPTMEEMVKDILAKQ,N/A
TableS2,A,UniParc,UPI001A3E32BD,,RFLLLLAGDIERNPGP,PD,D,PDRARRGALDLEAGFAPSTS,"cellular organisms, Eukaryota, Sar, Alveolata, Dinophyceae, Suessiales, Symbiodiniaceae, Symbiodinium"
TableS2,A,UniParc,UPI00189580D8,,RFLLLLSGDIEQNPGP,PD,D,PDSAAVLAELKKLSSGQSKL,N/A
TableS2,A,UniParc,UPI00189400FB,,RFLLLLSGDIEQNPGP,PD,D,PDSAAVLAELKKLSSGQSKL,N/A
TableS2,A,UniParc,UPI001C389CAF,,RFLLLLSGDVETNPGP,PD,D,PDNAVLVELQKLSTGQSQLL,N/A
TableS2,A,UniParc,UPI001A9D9607,,RFLLLLSGDVETNPGP,PD,D,PDGAVLVELQKLCGGQSQLL,N/A
TableS2,A,UniParc,UPI001477FB0C,,RGSLLTCGDVEENPGP,PE,E,PEALYLVCGERGFFLSVYLK,N/A
TableS2,A,UniParc,UPI0010C389E5,,RGSLLTCGDVEENPGP,PE,E,PEFATMAKPLSQEESTLIER,N/A
TableS2,A,UniParc,UPI000F85AD5D,,RGSLLTCGDVEENPGP,PE,E,PEFTTATALTMPLNSSMASK,N/A
TableS2,A,UniParc,UPI0010C3EA19,,RGSLLTCGDVEENPGP,PE,E,PEFMTEYKPTVRLATRDDVP,N/A
TableS2,A,UniParc,UPI0009E10EF0,,RGSLLTCGDVEENPGP,PE,E,PELMVSKGEELFTGVVPILV,N/A
TableS2,A,UniParc,UPI001477EED6,,RGSLLTCGDVEENPGP,PE,E,PEALYLVCGERGFFLSVYLK,N/A
TableS2,A,UniParc,UPI001477A9A1,,RGSLLTCGDVEENPGP,PE,E,PEALYLVCGERGFFLSVYLK,N/A
TableS2,A,UniParc,UPI001871DC59,,RGSLLTCGDVEENPGP,PD,D,PDKKYSIGLDIGTNSVGWAV,N/A
TableS2,A,UniParc,UPI001E6A4026,,RGSLTTCGDVEENPGP,PD,D,PDEVGLNLAQVVKALEGLNI,N/A
TableS2,A,UniParc,UPI0010B55AF4,,RILISGDVEMNPGP,PD,D,PDPLIKLNDYKTKYGINVLC,"Viruses, Riboviria, Orthornavirae, Duplornaviricota, Resentoviricetes, Reovirales, Sedoreoviridae, Rotavirus"
TableS2,A,UniParc,UPI00221B5729,,RILLLLAGDIERNPGP,PE,E,PESMGPRKYQPRGPLDLNVG,"cellular organisms, Eukaryota, Sar, Alveolata, Dinophyceae, Suessiales, Symbiodiniaceae, Cladocopium"
TableS2,A,UniParc,UPI002155F033,,RILLLLSGDVETNPGP,PD,D,PDRFDTVLAELQKLTAGQNA,N/A
TableS2,A,UniParc,UPI0010B40998,,RILLSGDVELNPGP,PD,D,PDPLIKLNDCKTKYGIDIIC,"Viruses, Riboviria, Orthornavirae, Duplornaviricota, Resentoviricetes, Reovirales, Sedoreoviridae, Rotavirus"
TableS2,A,UniParc,UPI0010AF0AC3,,RILLSGDVELNPGP,PD,D,PDPLIKLNDCKTKYGIDIIC,"Viruses, Riboviria, Orthornavirae, Duplornaviricota, Resentoviricetes, Reovirales, Sedoreoviridae, Rotavirus"
TableS2,A,UniParc,UPI0010BA7808,,RILLSGDVELNPGP,PD,D,PDPLIKLNDCKTKYGIDIIC,"Viruses, Riboviria, Orthornavirae, Duplornaviricota, Resentoviricetes, Reovirales, Sedoreoviridae, Rotavirus"
TableS2,A,UniParc,UPI001163618E,,RILVSGDVELNPGP,PD,D,PDPLIRLNDCKTKYGINILC,"Viruses, Riboviria, Orthornavirae, Duplornaviricota, Resentoviricetes, Reovirales, Sedoreoviridae, Rotavirus, Rotavirus C"
TableS2,A,UniParc,UPI000DC7A760,,RILVSGDVELNPGP,PD,D,PDPLIKLNDYKTKYCINILC,"Viruses, Riboviria, Orthornavirae, Duplornaviricota, Resentoviricetes, Reovirales, Sedoreoviridae, Rotavirus, Rotavirus C"
TableS2,A,UniParc,UPI000F0CC76D,,RILVSGDVELNPGP,PD,D,PDPLIKLNNYKTRYGINILC,"Viruses, Riboviria, Orthornavirae, Duplornaviricota, Resentoviricetes, Reovirales, Sedoreoviridae, Rotavirus, Rotavirus C"
TableS2,A,UniParc,UPI0011652B92,,RILVSGDVELNPGP,PD,D,PDPLIKLNDYKTKYGINILC,"Viruses, Riboviria, Orthornavirae, Duplornaviricota, Resentoviricetes, Reovirales, Sedoreoviridae, Rotavirus, Rotavirus C"
TableS2,A,UniParc,UPI001162B4B3,,RILVSGDVELNPGP,PD,D,PDPLIKLNDCKTKYGINILC,"Viruses, Riboviria, Orthornavirae, Duplornaviricota, Resentoviricetes, Reovirales, Sedoreoviridae, Rotavirus, Rotavirus C"
TableS2,A,UniParc,UPI000F0C95E9,,RILVSGDVELNPGP,PD,D,PDPLIRLNDCKTKYGINILC,"Viruses, Riboviria, Orthornavirae, Duplornaviricota, Resentoviricetes, Reovirales, Sedoreoviridae, Rotavirus"
TableS2,A,UniParc,UPI000F0C317B,,RILVSGDVELNPGP,PD,D,PDPLIRLNDCKTKYGINILC,"Viruses, Riboviria, Orthornavirae, Duplornaviricota, Resentoviricetes, Reovirales, Sedoreoviridae, Rotavirus"
TableS2,A,UniParc,UPI002071701D,,RLILLAGDIETNPGP,PD,D,PDMADLSSSFESTFTHDASL,N/A
TableS2,A,UniParc,UPI002071E2C9,,RLILLAGDIETNPGP,PD,D,PDMADLSSSFESTFTHDASL,N/A
TableS2,A,UniParc,UPI00207187B0,,RLILLAGDIETNPGP,PD,D,PDMADLSSSFESTFTHDASL,N/A
TableS2,A,UniParc,UPI001C384D7D,,RLLLCGDVESNPGP,PD,D,PDSDCLLDNILKGQAEILNG,N/A
TableS2,A,UniParc,UPI00221BE357,,RLLLILSGDVEPNPGP,PE,E,PEARDPLYKPRGELSNLVGL,"cellular organisms, Eukaryota, Sar, Alveolata, Dinophyceae, Suessiales, Symbiodiniaceae, Cladocopium"
TableS2,A,UniParc,UPI000770ECA6,,RLLLLLSGDVETNPGP,PD,D,PDDAVLIELQKLSAGQSQLL,"cellular organisms, Eukaryota, Opisthokonta, Metazoa, Eumetazoa, Bilateria, Protostomia, Ecdysozoa, Panarthropoda, Arthropoda, Chelicerata, Arachnida, Acari, Parasitiformes, Ixodida, Ixodoidea, Ixodidae, Ixodinae, Ixodes"
TableS2,A,UniParc,UPI001E1D862C,,RLLLMLSGDIEKNPGP,PD,D,PDITDACMSIFHQNIRSIRN,N/A
TableS2,A,UniParc,UPI001AA007A8,,RLLLSGDVEENPGP,PD,D,PDENVEELLRQILANQSGIA,N/A
TableS2,A,UniParc,UPI001A9FCB33,,RLLLSGDVEENPGP,PD,D,PDENVEEMLRQILSNQSGIA,N/A
TableS2,A,UniParc,UPI001C390054,,RLLLSGDVEENPGP,PD,D,PDENVEELLRQILANQSGIA,N/A
TableS2,A,UniParc,UPI001C381D57,,RLRLLVAGDVESNPGP,PE,E,PETRSADVQTTILATVQRIE,N/A
TableS2,A,UniParc,UPI000A87ADBC,,RLSLLISGDIEINPGP,PE,E,PEKPCCQDISLCHWNLNGIA,N/A
TableS2,A,UniParc,UPI0021019F73,,RLSLLLSGDVEENPGP,PE,E,PEHDTITSTLESVLETMRRL,N/A
TableS2,A,UniParc,UPI000C000EE3,,RLVQCGDIEINPGP,PE,E,PEQSLSPGLSTTRKKPLWKC,"cellular organisms, Eukaryota, Opisthokonta, Metazoa, Eumetazoa, Cnidaria, Anthozoa, Hexacorallia, Scleractinia, Astrocoeniina, Pocilloporidae, Stylophora"
TableS2,A,UniParc,UPI00221B4E77,,RMLLLLAGDVERNPGP,PE,E,PERPPAHAPRGELNMDIGFA,"cellular organisms, Eukaryota, Sar, Alveolata, Dinophyceae, Suessiales, Symbiodiniaceae, Cladocopium"
TableS2,A,UniParc,UPI001A9FF11F,,RMLLLLSGDVEINPGP,PE,E,PETGAILQKLKEIARDIQEI,N/A
TableS2,A,UniParc,UPI001C393169,,RMLLLLSGDVEVNPGP,PE,E,PETGAILQKLKEIARDIQEI,N/A
TableS2,A,UniParc,UPI001A9E6224,,RMLLLLSGDVEVNPGP,PE,E,PETGAILQKLKEIARDIQEI,N/A
TableS2,A,UniParc,UPI001A9DCE33,,RMLLLLSGDVEVNPGP,PE,E,PETGAILQKLKEIARDIQEI,N/A
TableS2,A,UniParc,UPI001C39002F,,RMLLLLSGDVEVNPGP,PE,E,PETGAILQKLKEIAQDIQEI,N/A
TableS2,A,UniParc,UPI001A9ECE06,,RMLLLLSGDVEVNPGP,PE,E,PETGAILQKLKEIARDIQEI,N/A
TableS2,A,UniParc,UPI001C38359C,,RMLLLLSGDVEVNPGP,PE,E,PETGAILQKLKEIARDIQEI,N/A
TableS2,A,UniParc,UPI001C380137,,RMLLLLSGDVEVNPGP,PE,E,PETGAILQKLKEIARDIQEI,N/A
TableS2,A,UniParc,UPI001A9D819C,,RMLLLLSGNVEVNPGP,PE,E,PETGAILQKLKEIARDIQEI,N/A
TableS2,A,UniParc,UPI00203842A3,,RMLLLLWGDVESNPGP,PE,E,PEVEDMLRELLSGHTKIAQE,"cellular organisms, Eukaryota, Opisthokonta, Metazoa, Eumetazoa, Bilateria, Protostomia, Ecdysozoa, Panarthropoda, Arthropoda, Chelicerata, Arachnida, Acari, Parasitiformes, Ixodida, Ixodoidea, Ixodidae, Rhipicephalinae, Rhipicephalus, Boophilus"
TableS2,A,UniParc,UPI000C038F9B,,RMNLLRSGDVELNPGP,PE,E,PEQNVNNQTNLSVDSSTLLN,N/A
TableS2,A,UniParc,UPI00189ACB11,,RRLLILSGDIETNPGP,PD,D,PDTNDVLKELQKISASQNTL,N/A
TableS2,A,UniParc,UPI0021012086,,RRLLILSGDIETNPGP,PD,D,PDTNDVLKELQKISASQNTL,N/A
TableS2,A,UniParc,UPI0020C20944,,RSLLLLAGDIEINPGP,PD,D,PDNQAVLNELRKLSTGQTQL,N/A
TableS2,A,UniParc,UPI001894F134,,RSLLLLAGDIESNPGP,PD,D,PDNQAVLNELKKLSTGQTQL,N/A
TableS2,A,UniParc,UPI002155E93F,,RSLLLLAGDIETNPGP,PD,D,PDSQAVLKELKSLSAGQSQL,N/A
TableS2,A,UniParc,UPI0021551E00,,RSLLLLAGDIETNPGP,PD,D,PDSQAVLKELKSLSAGHSQL,N/A
TableS2,A,UniParc,UPI002155143E,,RSLLLLAGDIETNPGP,PD,D,PDSQAVLKELKSLSAGQSQL,N/A
TableS2,A,UniParc,UPI0002AF167A,,RSLLLLAGDIETNPGP,PD,D,PDNQAVLNELKKLTAGQSQL,"cellular organisms, Eukaryota, Opisthokonta, Metazoa, Eumetazoa, Bilateria, Protostomia, Ecdysozoa, Panarthropoda, Arthropoda, Chelicerata, Arachnida, Acari, Parasitiformes, Ixodida, Ixodoidea, Ixodidae, Rhipicephalinae, Rhipicephalus, Rhipicephalus"
TableS2,A,UniParc,UPI0021551029,,RSLLLLAGDIETNPGP,PD,D,PDSQAVLKELKSLSAGQSQL,N/A
TableS2,A,UniParc,UPI00189C369D,,RSLLLLSGDIESNPGP,PD,D,PDSADLVLIELQKLTAGQKE,N/A
TableS2,A,UniParc,UPI0021552ABA,,RSLLLLSGDIETNPGP,PD,D,PDSNAILTELKKLSAGQSQL,N/A
TableS2,A,UniParc,UPI001895310A,,RSLLLLTGDIESNPGP,PD,D,PDNAALLAEMKKLSAGQAKM,N/A
TableS2,A,UniParc,UPI002101CE63,,RSLLLMCGDIESNPGP,PD,D,PDKLDVILGELKKTSAGQTE,N/A
TableS2,A,UniParc,UPI001898A102,,RSLLLMCGDIESNPGP,PD,D,PDKLDVILGELKKMSADQTE,N/A
TableS2,A,UniParc,UPI001161A4DD,,RSLLLQSGDIETNPGP,PD,D,PDTNAILAELKKLSTGQSKL,N/A
TableS2,A,UniParc,UPI001A9D95B6,,RSLLLQSGDIETNPGP,PD,D,PDTNAILAELKKLSTGQSKL,N/A
TableS2,A,UniParc,UPI001A9D7579,,RSLLLQSGDIETNPGP,PD,D,PDTNAILAELKRLFTGQSKL,N/A
TableS2,A,UniParc,UPI001A9CD12B,,RSLLLQSGDIETNPGP,PD,D,PDTNAILAELKKLSTGQSKL,N/A
TableS2,A,UniParc,UPI001A9E591B,,RSLLLQSGDIETNPGP,PD,D,PDTNAILAELKKLSTGQSKL,N/A
TableS2,A,UniParc,UPI001A9CEE16,,RSLLLQSGDIETNPGP,PD,D,PDTNAILAELKKLSTGQSKL,N/A
TableS2,A,UniParc,UPI001AD63115,,RSLLLQSGDIETNPGP,PD,D,PDTNAILAELKKLSTGQSKL,N/A
TableS2,A,UniParc,UPI0008481693,,RSLLLRCGDIEENPGP,PD,D,PDMKVERYAPDSDSGYESKN,"Viruses, Riboviria, Orthornavirae, Pisuviricota, Yadokarivirales, Yadokariviridae, Betayadokarivirus, Betayadokarivirus ichibani"
TableS2,A,UniParc,UPI0022044156,,RSLLLRCGDIEENPGP,PE,E,PEMEKRRYASDSDSGYESKN,"Viruses, Riboviria, Orthornavirae, Pisuviricota, Yadokarivirales, Yadokariviridae, unclassified Yadokariviridae"
TableS2,A,UniParc,UPI0002AEF8D8,,RSLLLVAGDIESNPGP,PD,D,PDNAAILAELRKLTAGQSTV,"cellular organisms, Eukaryota, Opisthokonta, Metazoa, Eumetazoa, Bilateria, Protostomia, Ecdysozoa, Panarthropoda, Arthropoda, Chelicerata, Arachnida, Acari, Parasitiformes, Ixodida, Ixodoidea, Ixodidae, Rhipicephalinae, Rhipicephalus, Rhipicephalus"
TableS2,A,UniParc,UPI0012333293,,SGDVEQNPGP,PD,D,PDSLMGYNDAMLKQMKKNDL,N/A
TableS2,A,UniParc,UPI0010C743B6,,SGDVETNPGP,PD,D,PDTAERTVSEKEFLKLAKAI,N/A
TableS2,A,UniParc,UPI0021FD7311,,SGDVHPNPGP,PD,D,PDIVSTHVERKYSKCVYYMR,N/A
TableS2,A,UniParc,UPI0010C73418,,SLLILAGDVEENPGP,PD,D,PDTDMAIIPQQLQKGQSAIL,"cellular organisms, Eukaryota, Opisthokonta, Metazoa, Eumetazoa, Bilateria, Protostomia, Ecdysozoa, Panarthropoda, Arthropoda, Chelicerata, Arachnida, Acari, Parasitiformes, Ixodida, Ixodoidea, Ixodidae, Ixodinae, Ixodes"
TableS2,A,UniParc,UPI00144F35A2,,SLLILAGDVEENPGP,PD,D,PDTDMAIILQQLQKGQSAIL,"cellular organisms, Eukaryota, Opisthokonta, Metazoa, Eumetazoa, Bilateria, Protostomia, Ecdysozoa, Panarthropoda, Arthropoda, Chelicerata, Arachnida, Acari, Parasitiformes, Ixodida, Ixodoidea, Ixodidae, Ixodinae, Ixodes"
TableS2,A,UniParc,UPI001E886542,,SLLKLSGDIELNPGP,PD,D,PDPNMQQTSYSVFTNHGLSI,"cellular organisms, Eukaryota, Opisthokonta, Metazoa, Eumetazoa, Bilateria, Protostomia, Spiralia, Lophotrochozoa, Mollusca, Bivalvia, Autobranchia, Heteroconchia, Euheterodonta, Imparidentia, Neoheterodontei, Myida, Dreissenoidea, Dreissenidae, Dreissena"
TableS2,A,UniParc,UPI000D524059,,SLLLCSGDVELNPGP,PE,E,PEQDSENTDPKASSRDVGSN,"cellular organisms, Eukaryota, Opisthokonta, Metazoa, Eumetazoa, Bilateria, Protostomia, Spiralia, Lophotrochozoa, Mollusca, Gastropoda, Caenogastropoda, Architaenioglossa, Ampullarioidea, Ampullariidae, Pomacea"
TableS2,A,UniParc,UPI0018976B25,,SLLLLAGDVETNPGP,PD,D,PDIQAVLNELKNLSAGQSQL,N/A
TableS2,A,UniParc,UPI001898AC11,,SLLLLAGDVETNPGP,PD,D,PDIQAVLNELKNLSAGQSQL,N/A
TableS2,A,UniParc,UPI001A9E0D69,,SLLLLCGDIESNP,PE,E,PEPVELKDIMDRLTVIASDV,N/A
TableS2,A,UniParc,UPI0020C1D62E,,SLLLLCGDVEPNPGP,PD,D,PDVQKLLAELLDGQKSIRKR,N/A
TableS2,A,UniParc,UPI0020C38A2C,,SLLLLCGDVEPNPGP,PD,D,PDVQKLLAELLDGQKSIRKR,N/A
TableS2,A,UniParc,UPI0020C2DD27,,SLLLLCGDVEPNPGP,PD,D,PDVQKLLAELLDGQKSIRKR,N/A
TableS2,A,UniParc,UPI00207258D3,,SLLLLCGDVETNPGP,PD,D,PDSVETSTASSSNLSATSFE,N/A
TableS2,A,UniParc,UPI0020728A30,,SLLLLCGDVETNPGP,PD,D,PDSVETSTASSSNLSATSFE,N/A
TableS2,A,UniParc,UPI002071D687,,SLLLLCGDVETNPGP,PD,D,PDSVETSTASSSNLSATSFE,N/A
TableS2,A,UniParc,UPI00207233B7,,SLLLLSGDIEINPGP,PD,D,PDTSDLSSSYESSSCTDASL,N/A
TableS2,A,UniParc,UPI00156D0795,,SLLLSGDVGTNPGP,PD,D,PDILAELKKLSQGQSAILSE,"cellular organisms, Eukaryota, Opisthokonta, Metazoa, Eumetazoa, Bilateria, Protostomia, Ecdysozoa, Panarthropoda, Arthropoda, Chelicerata, Arachnida, Acari, Parasitiformes, Ixodida, Ixodoidea, Ixodidae, Rhipicephalinae, Rhipicephalus, Boophilus"
TableS2,A,UniParc,UPI002071F96B,,SLLLTCGDIETNPGP,PD,D,PDSVDASTSSSGDLSATSFE,N/A
TableS2,A,UniParc,UPI001E729A06,,SLLMQSGDVESNPGP,PD,D,PDSHPVMEFLNAENDLVTLA,"Viruses, Riboviria, Orthornavirae, Pisuviricota, Pisoniviricetes, Picornavirales, Picornaviridae, Caphthovirinae, Senecavirus, unclassified Senecavirus"
TableS2,A,UniParc,UPI0021556171,,TLLLLAGDIESNPGP,PD,D,PDTVLAELKKLSTGQSQLLA,N/A
TableS2,A,UniParc,UPI002155E01E,,TLLLLAGDIESNPGP,PD,D,PDTVLAELKKLSTGQSQLLA,N/A
TableS2,A,UniParc,UPI0021550041,,TLLLLAGDIESNPGP,PD,D,PDTVLAKLKKLSTGQSQLLA,N/A
TableS2,A,UniParc,UPI0021558686,,TLLLLAGDIESNPGP,PD,D,PDTVLAELKKLSTGQSQLLA,N/A
TableS2,A,UniParc,UPI002154FFDE,,TLLLLAGDIESNPGP,PD,D,PDTVLAELKKLSTGQSQLLA,N/A
TableS2,A,UniParc,UPI0021557517,,TLLLLAGDIESNPGP,PD,D,PDTVLAELKKLSTGQSQLLA,N/A
TableS2,A,UniParc,UPI002155981C,,TLLLLAGDIESNPGP,PD,D,PDTVLAELKKLSTGQSQLLA,N/A
TableS2,A,UniParc,UPI002155E48C,,TLLLLAGDIESNPGP,PD,D,PDTVLAELKKLSTGQSQLLA,N/A
TableS2,A,UniParc,UPI002154FC53,,TLLLLAGDIESNPGP,PD,D,PDTVLAELKKLSTGQSQLLA,N/A
TableS2,A,UniParc,UPI0021553089,,TLLLLAGDIESNPGP,PD,D,PDTVLAELKKLSTGQSQLLA,N/A
TableS2,A,UniParc,UPI0002AEF10E,,TLLLLSGDIETNPGP,PE,E,PESNAILAELKKLSAGQSQL,"cellular organisms, Eukaryota, Opisthokonta, Metazoa, Eumetazoa, Bilateria, Protostomia, Ecdysozoa, Panarthropoda, Arthropoda, Chelicerata, Arachnida, Acari, Parasitiformes, Ixodida, Ixodoidea, Ixodidae, Rhipicephalinae, Rhipicephalus, Rhipicephalus"
TableS2,A,UniProtKB,A0A060IEN0,,DILLSGDIEENPGP,PE,E,PEGMEQVSITPEQLQMILAM,"Viruses, Riboviria, Orthornavirae, Duplornaviricota, Chrymotiviricetes, Ghabrivirales, Totiviridae, unclassified Totiviridae"
TableS2,A,UniProtKB,A0A060IIE0,,DILLSGDIEENPGP,PE,E,PEGMEQVSITPEQLQMILAM,"Viruses, Riboviria, Orthornavirae, Duplornaviricota, Chrymotiviricetes, Ghabrivirales, Totiviridae, unclassified Totiviridae"
TableS2,A,UniProtKB,A0A060IPC2,,DILLSGDVEENPGP,PE,E,PEGMEQVSITPEQLQMILAM,"Viruses, Riboviria, Orthornavirae, Duplornaviricota, Chrymotiviricetes, Ghabrivirales, Totiviridae, unclassified Totiviridae"
TableS2,A,UniProtKB,A0A0K0PM47,,DILLSGDVEENPGP,PE,E,PEGMEQVSITPEQLQMILAM,"Viruses, Riboviria, Orthornavirae, Duplornaviricota, Chrymotiviricetes, Ghabrivirales, Totiviridae, unclassified Totiviridae"
TableS2,A,UniProtKB,A0A060II10,,DILLSGDVEENPGP,PE,E,PEGMEQVSITPEQLQMILAM,"Viruses, Riboviria, Orthornavirae, Duplornaviricota, Chrymotiviricetes, Ghabrivirales, Totiviridae, unclassified Totiviridae"
both,A,UniProtKB,A0A147BTT5,(obsolete/removed from UniProt),DLLMLCGDIETNPGPD,PD,D,P,"cellular organisms, Eukaryota, Opisthokonta, Metazoa, Eumetazoa, Bilateria, Protostomia, Ecdysozoa, Panarthropoda, Arthropoda, Chelicerata, Arachnida, Acari, Parasitiformes, Ixodida, Ixodoidea, Ixodidae, Ixodinae, Ixodes"
both,A,UniProtKB,A0A147BEQ3,(obsolete/removed from UniProt),DLLMLCGDIETNPGPD,PD,D,P,"cellular organisms, Eukaryota, Opisthokonta, Metazoa, Eumetazoa, Bilateria, Protostomia, Ecdysozoa, Panarthropoda, Arthropoda, Chelicerata, Arachnida, Acari, Parasitiformes, Ixodida, Ixodoidea, Ixodidae, Ixodinae, Ixodes"
both,A,UniProtKB,X4YD30,aalivirus A1,DRLLQAGDIEQNPGP,PD,D,PDRVEEMRPYGKKITFSQRQ,"Viruses, Riboviria, Orthornavirae, Pisuviricota, Pisoniviricetes, Picornavirales, Picornaviridae, Paavivirinae, Aalivirus, Aalivirus A"
both,A,UniProtKB,B0YK76,Foot-and-mouth disease virus A,FDLLKLAGDVESNP,PE,E,PE,"Viruses, Riboviria, Orthornavirae, Pisuviricota, Pisoniviricetes, Picornavirales, Picornaviridae, Caphthovirinae, Aphthovirus, Foot-and-mouth disease virus"
both,A,UniProtKB,A0A8E4SE93,(obsolete/removed from UniProt),FSLLKQAGDVEENPGPD,PD,D,P,"Viruses, Riboviria, Orthornavirae, Duplornaviricota, Resentoviricetes, Reovirales, Sedoreoviridae, Rotavirus"
both,A,UniProtKB,A0A7D6LJ92,(obsolete/removed from UniProt),FSLLKQAGDVEENPGPD,PD,D,P,"Viruses, Riboviria, Orthornavirae, Duplornaviricota, Resentoviricetes, Reovirales, Sedoreoviridae, Rotavirus"
both,A,UniProtKB,A0A8E4SE09,(obsolete/removed from UniProt),FSLLKQAGDVEENPGPD,PD,D,P,"Viruses, Riboviria, Orthornavirae, Duplornaviricota, Resentoviricetes, Reovirales, Sedoreoviridae, Rotavirus"
both,A,UniProtKB,A0A7D6LHD1,(obsolete/removed from UniProt),FSLLKQAGDVEENPGPD,PD,D,P,"Viruses, Riboviria, Orthornavirae, Duplornaviricota, Resentoviricetes, Reovirales, Sedoreoviridae, Rotavirus"
both,A,UniProtKB,A0A7D6QF14,(obsolete/removed from UniProt),FSLLKQAGDVEENPGPD,PD,D,P,"Viruses, Riboviria, Orthornavirae, Duplornaviricota, Resentoviricetes, Reovirales, Sedoreoviridae, Rotavirus"
both,A,UniProtKB,A0A8E4SE65,(obsolete/removed from UniProt),FSLLKQAGDVEENPGPD,PD,D,P,"Viruses, Riboviria, Orthornavirae, Duplornaviricota, Resentoviricetes, Reovirales, Sedoreoviridae, Rotavirus"
both,A,UniProtKB,A0A8E4SDR5,(obsolete/removed from UniProt),FSLLKQAGDVEENPGPD,PD,D,P,"Viruses, Riboviria, Orthornavirae, Duplornaviricota, Resentoviricetes, Reovirales, Sedoreoviridae, Rotavirus"
both,A,UniProtKB,A0A8E4SE16,(obsolete/removed from UniProt),FSLLKQAGDVEENPGPD,PD,D,P,"Viruses, Riboviria, Orthornavirae, Duplornaviricota, Resentoviricetes, Reovirales, Sedoreoviridae, Rotavirus"
both,A,UniProtKB,A0A7D6QGV8,(obsolete/removed from UniProt),FSLLKQAGDVEENPGPD,PD,D,P,"Viruses, Riboviria, Orthornavirae, Duplornaviricota, Resentoviricetes, Reovirales, Sedoreoviridae, Rotavirus"
both,A,UniProtKB,A0A8E4WNL5,(obsolete/removed from UniProt),FSLLKQAGDVEENPGPD,PD,D,P,"Viruses, Riboviria, Orthornavirae, Duplornaviricota, Resentoviricetes, Reovirales, Sedoreoviridae, Rotavirus"
both,A,UniProtKB,A0A248AAI2,parechovirus E1,FWLLMLCGDVELNPGPD,PD,D,PDIELVYKNRGFYKHYGVRV,"Viruses, Riboviria, Orthornavirae, Pisuviricota, Pisoniviricetes, Picornavirales, Picornaviridae, unclassified Picornaviridae"
repo,B,UniProtKB,A0A812L7T5,(obsolete/removed from UniProt),GIEPNPGPD,PD,D,,
both,A,UniProtKB,A0A7M7NAP0,Strongylocentrotus purpuratus (Purple sea urchin),ILLIRSGDVESNPGP,PD,D,PDRNVSEKEFLRLSKKIDPS,"cellular organisms, Eukaryota, Opisthokonta, Metazoa, Eumetazoa, Bilateria, Deuterostomia, Echinodermata, Eleutherozoa, Echinozoa, Echinoidea, Euechinoidea, Echinacea, Camarodonta, Echinidea, Strongylocentrotidae, Strongylocentrotus"
both,A,UniProtKB,A0A7M7NBD4,Strongylocentrotus purpuratus (Purple sea urchin),ILLKKSGDVETNPGP,PD,D,PDRIVSEAEFIKLSKLIEPS,"cellular organisms, Eukaryota, Opisthokonta, Metazoa, Eumetazoa, Bilateria, Deuterostomia, Echinodermata, Eleutherozoa, Echinozoa, Echinoidea, Euechinoidea, Echinacea, Camarodonta, Echinidea, Strongylocentrotidae, Strongylocentrotus"
both,A,UniProtKB,A0A650GNW1,(obsolete/removed from UniProt),ILLLLSGDVETNPGP,PD,D,P,"Viruses, Riboviria, Orthornavirae, Pisuviricota, Pisoniviricetes, Picornavirales, Dicistroviridae, unclassified Dicistroviridae"
both,A,UniProtKB,A0A7M7NWQ7,Strongylocentrotus purpuratus (Purple sea urchin),ILLLLSGQVEPNPGP,PD,D,PDTPPTCVICKSDVSVNDKA,"cellular organisms, Eukaryota, Opisthokonta, Metazoa, Eumetazoa, Bilateria, Deuterostomia, Echinodermata, Eleutherozoa, Echinozoa, Echinoidea, Euechinoidea, Echinacea, Camarodonta, Echinidea, Strongylocentrotidae, Strongylocentrotus"
both,A,UniProtKB,A0A7M7SVI4,Strongylocentrotus purpuratus (Purple sea urchin),ILLMRSGDVETNPGP,PD,D,PDRIVSEDEFIKLSKLIEPS,"cellular organisms, Eukaryota, Opisthokonta, Metazoa, Eumetazoa, Bilateria, Deuterostomia, Echinodermata, Eleutherozoa, Echinozoa, Echinoidea, Euechinoidea, Echinacea, Camarodonta, Echinidea, Strongylocentrotidae, Strongylocentrotus"
both,A,UniProtKB,A0A7M7NFA1,Strongylocentrotus purpuratus (Purple sea urchin),ILLMRSGDVETNPGP,PD,D,PDRIVSEEEFIKLSKLIKPY,"cellular organisms, Eukaryota, Opisthokonta, Metazoa, Eumetazoa, Bilateria, Deuterostomia, Echinodermata, Eleutherozoa, Echinozoa, Echinoidea, Euechinoidea, Echinacea, Camarodonta, Echinidea, Strongylocentrotidae, Strongylocentrotus"
both,A,UniProtKB,A0A7M7HP54,Strongylocentrotus purpuratus (Purple sea urchin),ILLMRSGDVETNPGP,PD,D,PDTAESTVSDMEFLKLAHAI,"cellular organisms, Eukaryota, Opisthokonta, Metazoa, Eumetazoa, Bilateria, Deuterostomia, Echinodermata, Eleutherozoa, Echinozoa, Echinoidea, Euechinoidea, Echinacea, Camarodonta, Echinidea, Strongylocentrotidae, Strongylocentrotus"
both,A,UniProtKB,A0A7M7NV37,Strongylocentrotus purpuratus (Purple sea urchin),ILLMRSGDVETNPGP,PD,D,PDTAESTVSEKEFLKLAQAI,"cellular organisms, Eukaryota, Opisthokonta, Metazoa, Eumetazoa, Bilateria, Deuterostomia, Echinodermata, Eleutherozoa, Echinozoa, Echinoidea, Euechinoidea, Echinacea, Camarodonta, Echinidea, Strongylocentrotidae, Strongylocentrotus"
both,A,UniProtKB,A0A7M7NUM4,Strongylocentrotus purpuratus (Purple sea urchin),ILLMRSGDVETNPGP,PD,D,PDTAESTVSEMEFLKLAHAI,"cellular organisms, Eukaryota, Opisthokonta, Metazoa, Eumetazoa, Bilateria, Deuterostomia, Echinodermata, Eleutherozoa, Echinozoa, Echinoidea, Euechinoidea, Echinacea, Camarodonta, Echinidea, Strongylocentrotidae, Strongylocentrotus"
both,A,UniProtKB,A0A7M7NCE8,Strongylocentrotus purpuratus (Purple sea urchin),ILLMRSGDVETNPGP,PD,D,PDRIVSEEEFIKLSKMIEPT,"cellular organisms, Eukaryota, Opisthokonta, Metazoa, Eumetazoa, Bilateria, Deuterostomia, Echinodermata, Eleutherozoa, Echinozoa, Echinoidea, Euechinoidea, Echinacea, Camarodonta, Echinidea, Strongylocentrotidae, Strongylocentrotus"
both,A,UniProtKB,A0A7M7NZW5,Strongylocentrotus purpuratus (Purple sea urchin),ILLMRSGDVETNPGP,PD,D,PDTAESTVSDMEFLKLAHAI,"cellular organisms, Eukaryota, Opisthokonta, Metazoa, Eumetazoa, Bilateria, Deuterostomia, Echinodermata, Eleutherozoa, Echinozoa, Echinoidea, Euechinoidea, Echinacea, Camarodonta, Echinidea, Strongylocentrotidae, Strongylocentrotus"
both,A,UniProtKB,A0A7M7NAZ1,Strongylocentrotus purpuratus (Purple sea urchin),ILLMRSGDVETNPGP,PD,D,PDSIVSEEEFIKLSEQIGPS,"cellular organisms, Eukaryota, Opisthokonta, Metazoa, Eumetazoa, Bilateria, Deuterostomia, Echinodermata, Eleutherozoa, Echinozoa, Echinoidea, Euechinoidea, Echinacea, Camarodonta, Echinidea, Strongylocentrotidae, Strongylocentrotus"
repo,A,UniProtKB,A0A060IEN0,Penaeid shrimp infectious myonecrosis virus,ILLSGDIEENPGP,PE,E,,
repo,A,UniProtKB,A0A060IIE0,Penaeid shrimp infectious myonecrosis virus,ILLSGDIEENPGP,PE,E,,
TableS2,A,UniProtKB,A0A0G2UNP2,,ILLSGDVEENPGP,PE,E,PEGMEQVSITPEQLQMILAM,"Viruses, Riboviria, Orthornavirae, Duplornaviricota, Chrymotiviricetes, Ghabrivirales, Totiviridae, unclassified Totiviridae"
repo,A,UniProtKB,A0A060IPC2,Penaeid shrimp infectious myonecrosis virus,ILLSGDVEENPGP,PE,E,,
repo,A,UniProtKB,A0A0K0PM47,Penaeid shrimp infectious myonecrosis virus,ILLSGDVEENPGP,PE,E,,
repo,A,UniProtKB,A0A060II10,Penaeid shrimp infectious myonecrosis virus,ILLSGDVEENPGP,PE,E,,
TableS2,A,UniProtKB,A0A7M7NLV2,,ILLVRSGDVETNPGP,PD,D,PDRIVSEEEFMELSKLIAPS,"cellular organisms, Eukaryota, Opisthokonta, Metazoa, Eumetazoa, Bilateria, Deuterostomia, Echinodermata, Eleutherozoa, Echinozoa, Echinoidea, Euechinoidea, Echinacea, Camarodonta, Echinidea, Strongylocentrotidae, Strongylocentrotus"
repo,A,UniProtKB,A0A9J6HAB0,Haemaphysalis longicornis (Bush tick),LLCGDVESNPGPD,PD,D,,
both,A,UniProtKB,J7HCF4,limnipivirus A1,LLKCGDVESNPGPD,PD,D,PDIWRNRITGCMAVQEGAAL,"Viruses, Riboviria, Orthornavirae, Pisuviricota, Pisoniviricetes, Picornavirales, Picornaviridae, Paavivirinae, Limnipivirus, Limnipivirus A"
repo,A,UniProtKB,A0A9J6EZU1,Rhipicephalus microplus (Cattle tick) (Boophilus microplus),LLKLSGDVEENPGP,PE,E,,
repo,A,UniProtKB,A0A9J6EDN4,Rhipicephalus microplus (Cattle tick) (Boophilus microplus),LLKLSGDVEENPGP,PE,E,,
repo,A,UniProtKB,A0A9J6E9Z2,Rhipicephalus microplus (Cattle tick) (Boophilus microplus),LLKLSGDVEENPGP,PE,E,,
repo,A,UniProtKB,A0A9J6DX07,Rhipicephalus microplus (Cattle tick) (Boophilus microplus),LLKLSGDVEENPGP,PE,E,,
repo,A,UniProtKB,A0A9J6EN40,Rhipicephalus microplus (Cattle tick) (Boophilus microplus),LLLCGDIESNPGPD,PD,D,,
repo,A,UniProtKB,A0A6G5A7S8,(obsolete/removed from UniProt),LLLCGDIESNPGPD,PD,D,,
repo,A,UniProtKB,A0A6M2D147,(obsolete/removed from UniProt),LLLCGDIESNPGPD,PD,D,,
both,A,UniProtKB,A0A147BP62,(obsolete/removed from UniProt),LLLLAGDIEENPGPD,PD,D,P,"cellular organisms, Eukaryota, Opisthokonta, Metazoa, Eumetazoa, Bilateria, Protostomia, Ecdysozoa, Panarthropoda, Arthropoda, Chelicerata, Arachnida, Acari, Parasitiformes, Ixodida, Ixodoidea, Ixodidae, Ixodinae, Ixodes"
both,A,UniProtKB,L7MM89,Rhipicephalus pulchellus (Yellow backed tick) (Dermacentor pulchellus),LLLLAGDIETNPGPD,PD,D,PDLSQLSKQLQQIADDLKEI,"cellular organisms, Eukaryota, Opisthokonta, Metazoa, Eumetazoa, Bilateria, Protostomia, Ecdysozoa, Panarthropoda, Arthropoda, Chelicerata, Arachnida, Acari, Parasitiformes, Ixodida, Ixodoidea, Ixodidae, Rhipicephalinae, Rhipicephalus, Rhipicephalus"
both,A,UniProtKB,V5IDD8,Ixodes ricinus (Common tick) (Acarus ricinus),LLLLLSGDVERNPGP,PE,E,PETRLETMISQVLENQKQLK,"cellular organisms, Eukaryota, Opisthokonta, Metazoa, Eumetazoa, Bilateria, Protostomia, Ecdysozoa, Panarthropoda, Arthropoda, Chelicerata, Arachnida, Acari, Parasitiformes, Ixodida, Ixodoidea, Ixodidae, Ixodinae, Ixodes"
both,A,UniProtKB,A0A147BFQ0,(obsolete/removed from UniProt),LLLLLSGDVESNPGP,PD,D,P,"cellular organisms, Eukaryota, Opisthokonta, Metazoa, Eumetazoa, Bilateria, Protostomia, Ecdysozoa, Panarthropoda, Arthropoda, Chelicerata, Arachnida, Acari, Parasitiformes, Ixodida, Ixodoidea, Ixodidae, Ixodinae, Ixodes"
both,A,UniProtKB,A0A6B0V1Q9,(obsolete/removed from UniProt),LLLLSGDIETNPGPD,PD,D,P,"cellular organisms, Eukaryota, Opisthokonta, Metazoa, Eumetazoa, Bilateria, Protostomia, Ecdysozoa, Panarthropoda, Arthropoda, Chelicerata, Arachnida, Acari, Parasitiformes, Ixodida, Ixodoidea, Ixodidae, Ixodinae, Ixodes"
repo,A,UniProtKB,A0A9J6GAP1,Haemaphysalis longicornis (Bush tick),LLLLSGDVETNPGP,PE,E,,
both,A,UniProtKB,A0A7M7NWQ7,Strongylocentrotus purpuratus (Purple sea urchin),LLLMRSGDVETNPGP,PD,D,PDTAESTVSDMEFLKLAHAI,"cellular organisms, Eukaryota, Opisthokonta, Metazoa, Eumetazoa, Bilateria, Deuterostomia, Echinodermata, Eleutherozoa, Echinozoa, Echinoidea, Euechinoidea, Echinacea, Camarodonta, Echinidea, Strongylocentrotidae, Strongylocentrotus"
both,A,UniProtKB,A0A7M7NUD0,Strongylocentrotus purpuratus (Purple sea urchin),LLLMRSGDVETNPGP,PD,D,PDTAESTVSDMEFLKLAYDI,"cellular organisms, Eukaryota, Opisthokonta, Metazoa, Eumetazoa, Bilateria, Deuterostomia, Echinodermata, Eleutherozoa, Echinozoa, Echinoidea, Euechinoidea, Echinacea, Camarodonta, Echinidea, Strongylocentrotidae, Strongylocentrotus"
both,A,UniProtKB,A0A7M7NWB2,Strongylocentrotus purpuratus (Purple sea urchin),LLLMRSGDVETNPGP,PD,D,PDTAERTVSEKEFLKLAKAI,"cellular organisms, Eukaryota, Opisthokonta, Metazoa, Eumetazoa, Bilateria, Deuterostomia, Echinodermata, Eleutherozoa, Echinozoa, Echinoidea, Euechinoidea, Echinacea, Camarodonta, Echinidea, Strongylocentrotidae, Strongylocentrotus"
repo,A,UniProtKB,A0A9J6FL98,Haemaphysalis longicornis (Bush tick),LLLSGDVETNPGPD,PD,D,,
repo,A,UniProtKB,A0A7M7T398,Strongylocentrotus purpuratus (Purple sea urchin),LLMRSGDVETNPGPD,PD,D,,
repo,A,UniProtKB,A0A7M7ND23,Strongylocentrotus purpuratus (Purple sea urchin),LLMRSGDVETNPGPD,PD,D,,
repo,A,UniProtKB,A0A7M7NDR4,Strongylocentrotus purpuratus (Purple sea urchin),LLMRSGDVETNPGPD,PD,D,,
repo,A,UniProtKB,A0A7M7P6B0,Strongylocentrotus purpuratus (Purple sea urchin),LLMRSGDVETNPGPD,PD,D,,
repo,A,UniProtKB,A0A7M7NZK4,Strongylocentrotus purpuratus (Purple sea urchin),LLMRSGDVETNPGPD,PD,D,,
repo,A,UniProtKB,A0A7M7PDG6,Strongylocentrotus purpuratus (Purple sea urchin),LLMRSGDVETNPGPD,PD,D,,
repo,A,UniProtKB,A0A7M7NEM7,Strongylocentrotus purpuratus (Purple sea urchin),LLMRSGDVETNPGPD,PD,D,,
repo,A,UniProtKB,A0A7M7P1Z6,Strongylocentrotus purpuratus (Purple sea urchin),LLMRSGDVETNPGPD,PD,D,,
repo,A,UniProtKB,A0A7M7NAX4,Strongylocentrotus purpuratus (Purple sea urchin),LLMRSGDVETNPGPD,PD,D,,
repo,A,UniProtKB,A0A7M7NAX5,Strongylocentrotus purpuratus (Purple sea urchin),LLMRSGDVETNPGPD,PD,D,,
repo,A,UniProtKB,A0A7M7SVJ0,Strongylocentrotus purpuratus (Purple sea urchin),LLMRSGDVETNPGPD,PD,D,,
repo,A,UniProtKB,A0A7M7NBK5,Strongylocentrotus purpuratus (Purple sea urchin),LLMRSGDVETNPGPD,PD,D,,
repo,A,UniProtKB,A0A7M7NBZ9,Strongylocentrotus purpuratus (Purple sea urchin),LLMRSGDVETNPGPD,PD,D,,
repo,A,UniProtKB,A0A7M7NB67,Strongylocentrotus purpuratus (Purple sea urchin),LLMRSGDVETNPGPD,PD,D,,
repo,A,UniProtKB,A0A7M7NBF6,Strongylocentrotus purpuratus (Purple sea urchin),LLMRSGDVETNPGPD,PD,D,,
repo,A,UniProtKB,A0A7M7NDG1,Strongylocentrotus purpuratus (Purple sea urchin),LLMRSGDVETNPGPD,PD,D,,
repo,A,UniProtKB,A0A7M7NC80,Strongylocentrotus purpuratus (Purple sea urchin),LLMRSGDVETNPGPD,PD,D,,
repo,A,UniProtKB,A0A7M7SVB9,Strongylocentrotus purpuratus (Purple sea urchin),LLMRSGDVETNPGPD,PD,D,,
repo,A,UniProtKB,A0A7M7NAN2,Strongylocentrotus purpuratus (Purple sea urchin),LLMRSGDVETNPGPD,PD,D,,
repo,A,UniProtKB,A0A7M7P563,Strongylocentrotus purpuratus (Purple sea urchin),LLMRSGDVETNPGPD,PD,D,,
repo,A,UniProtKB,A0A7M7NB75,Strongylocentrotus purpuratus (Purple sea urchin),LLMRSGDVETNPGPD,PD,D,,
repo,A,UniProtKB,A0A7M7NAY3,Strongylocentrotus purpuratus (Purple sea urchin),LLMRSGDVETNPGPD,PD,D,,
repo,A,UniProtKB,A0A7M7NEK6,Strongylocentrotus purpuratus (Purple sea urchin),LLMRSGDVETNPGPD,PD,D,,
repo,A,UniProtKB,A0A7M7NBL4,Strongylocentrotus purpuratus (Purple sea urchin),LLMRSGDVETNPGPD,PD,D,,
repo,A,UniProtKB,A0A7M7NAQ2,Strongylocentrotus purpuratus (Purple sea urchin),LLMRSGDVETNPGPD,PD,D,,
repo,A,UniProtKB,A0A7M7SVB6,Strongylocentrotus purpuratus (Purple sea urchin),LLMRSGDVETNPGPD,PD,D,,
repo,A,UniProtKB,A0A7M7SV85,Strongylocentrotus purpuratus (Purple sea urchin),LLMRSGDVETNPGPD,PD,D,,
repo,A,UniProtKB,A0A2B4RRV7,Stylophora pistillata (Smooth cauliflower coral),LLRSGDVELNPGP,PE,E,,
repo,A,UniProtKB,A0A147BL84,(obsolete/removed from UniProt),LLRSGDVESNPGPD,PD,D,,
repo,A,UniProtKB,A0A0G2UNP2,Penaeid shrimp infectious myonecrosis virus,LLSGDVEENPGP,PE,E,,
both,A,UniProtKB,X4YD30,aalivirus A1,LQQAGDVEMNPGP,PE,E,PEFRKADTQMTVDKKVTCFS,"Viruses, Riboviria, Orthornavirae, Pisuviricota, Pisoniviricetes, Picornavirales, Picornaviridae, Paavivirinae, Aalivirus, Aalivirus A"
repo,A,UniProtKB,A0A9J6FEC8,Haemaphysalis longicornis (Bush tick),LVKTCGDVELNPGPD,PD,D,,
repo,A,UniProtKB,A0A9J6G157,Haemaphysalis longicornis (Bush tick),MLLLLAGDVELNPGPD,PD,D,,
TableS2,A,UniProtKB,A0A2B4RRV7,,NLLRSGDVELNPGP,PE,E,PEQNVNNQTNLSVDSSTLLN,"cellular organisms, Eukaryota, Opisthokonta, Metazoa, Eumetazoa, Cnidaria, Anthozoa, Hexacorallia, Scleractinia, Astrocoeniina, Pocilloporidae, Stylophora"
both,B,UniProtKB,A0A1L6BXK6,Rotavirus J,NSMWLRDLTREGVESNPGPDYIS,PD,D,PDYISQLNIDAQRKQIHFPL,"Viruses, Riboviria, Orthornavirae, Duplornaviricota, Resentoviricetes, Reovirales, Sedoreoviridae, Rotavirus"
both,A,UniProtKB,A0A6G5A9P1,(obsolete/removed from UniProt),RDLLLLAGDVETNPGPD,PD,D,P,"cellular organisms, Eukaryota, Opisthokonta, Metazoa, Eumetazoa, Bilateria, Protostomia, Ecdysozoa, Panarthropoda, Arthropoda, Chelicerata, Arachnida, Acari, Parasitiformes, Ixodida, Ixodoidea, Ixodidae, Rhipicephalinae, Rhipicephalus, Boophilus"
both,A,UniProtKB,A0A6B0V722,(obsolete/removed from UniProt),RDLLLSGDIESNPGP,PD,D,P,"cellular organisms, Eukaryota, Opisthokonta, Metazoa, Eumetazoa, Bilateria, Protostomia, Ecdysozoa, Panarthropoda, Arthropoda, Chelicerata, Arachnida, Acari, Parasitiformes, Ixodida, Ixodoidea, Ixodidae, Ixodinae, Ixodes"
both,A,UniProtKB,A0A6B0V5W7,(obsolete/removed from UniProt),RDLLLSGDIESNPGP,PD,D,P,"cellular organisms, Eukaryota, Opisthokonta, Metazoa, Eumetazoa, Bilateria, Protostomia, Ecdysozoa, Panarthropoda, Arthropoda, Chelicerata, Arachnida, Acari, Parasitiformes, Ixodida, Ixodoidea, Ixodidae, Ixodinae, Ixodes"
both,A,UniProtKB,A0A812UGP0,Symbiodinium pilosum (Dinoflagellate),RFLLLLAGDIERNPGP,PD,D,PDRARRGALDLEAGFAPSTS,"cellular organisms, Eukaryota, Sar, Alveolata, Dinophyceae, Suessiales, Symbiodiniaceae, Symbiodinium"
both,A,UniProtKB,A0A131XQ75,Ixodes ricinus (Common tick) (Acarus ricinus),RLLLLLSGDVETNPGPD,PD,D,PDDAVLIELQKLSAGQSQLL,"cellular organisms, Eukaryota, Opisthokonta, Metazoa, Eumetazoa, Bilateria, Protostomia, Ecdysozoa, Panarthropoda, Arthropoda, Chelicerata, Arachnida, Acari, Parasitiformes, Ixodida, Ixodoidea, Ixodidae, Ixodinae, Ixodes"
repo,A,UniProtKB,A0A9P1FLB8,Cladocopium goreaui,RMLLLLAGDVERNPGP,PE,E,,
repo,A,UniProtKB,A0A9J6D1A3,Rhipicephalus microplus (Cattle tick) (Boophilus microplus),RMLLLLWGDVESNPGP,PE,E,,
both,A,UniProtKB,L7LY12,Rhipicephalus pulchellus (Yellow backed tick) (Dermacentor pulchellus),RSLLLLAGDIETNPGPD,PD,D,PDNQAVLNELKKLTAGQSQL,"cellular organisms, Eukaryota, Opisthokonta, Metazoa, Eumetazoa, Bilateria, Protostomia, Ecdysozoa, Panarthropoda, Arthropoda, Chelicerata, Arachnida, Acari, Parasitiformes, Ixodida, Ixodoidea, Ixodidae, Rhipicephalinae, Rhipicephalus, Rhipicephalus"
both,A,UniProtKB,A0A1B4ZA59,Fusarium poae mycovirus 2,RSLLLRCGDIEENPGPD,PD,D,PDMKVERYAPDSDSGYESKN,"Viruses, Riboviria, Orthornavirae, Pisuviricota, Yadokarivirales, Yadokariviridae, Betayadokarivirus, Betayadokarivirus ichibani"
both,A,UniProtKB,L7LVD0,Rhipicephalus pulchellus (Yellow backed tick) (Dermacentor pulchellus),RSLLLVAGDIESNPGPD,PD,D,PDNAAILAELRKLTAGQSTV,"cellular organisms, Eukaryota, Opisthokonta, Metazoa, Eumetazoa, Bilateria, Protostomia, Ecdysozoa, Panarthropoda, Arthropoda, Chelicerata, Arachnida, Acari, Parasitiformes, Ixodida, Ixodoidea, Ixodidae, Rhipicephalinae, Rhipicephalus, Rhipicephalus"
both,A,UniProtKB,A0A4D5RCW0,(obsolete/removed from UniProt),SLLILAGDVEENPGPD,PD,D,P,"cellular organisms, Eukaryota, Opisthokonta, Metazoa, Eumetazoa, Bilateria, Protostomia, Ecdysozoa, Panarthropoda, Arthropoda, Chelicerata, Arachnida, Acari, Parasitiformes, Ixodida, Ixodoidea, Ixodidae, Ixodinae, Ixodes"
both,A,UniProtKB,A0A6B0VAI4,(obsolete/removed from UniProt),SLLILAGDVEENPGPD,PD,D,P,"cellular organisms, Eukaryota, Opisthokonta, Metazoa, Eumetazoa, Bilateria, Protostomia, Ecdysozoa, Panarthropoda, Arthropoda, Chelicerata, Arachnida, Acari, Parasitiformes, Ixodida, Ixodoidea, Ixodidae, Ixodinae, Ixodes"
repo,A,UniProtKB,A0A9D4HS77,Dreissena polymorpha (Zebra mussel) (Mytilus polymorpha),SLLKLSGDIELNPGPD,PD,D,,
both,A,UniProtKB,A0A8K1TP61,(obsolete/removed from UniProt),SLLMQSGDVESNPGPD,PD,D,P,"Viruses, Riboviria, Orthornavirae, Pisuviricota, Pisoniviricetes, Picornavirales, Picornaviridae, Caphthovirinae, Senecavirus, unclassified Senecavirus"
repo,A,UniProtKB,A0A812XB33,(obsolete/removed from UniProt),TDDGDVESNPGPD,PD,D,,
TableS2,A,UniProtKB,L7LTN7,,TLLLLSGDIETNPGP,PE,E,PESNAILAELKKLSAGQSQL,"cellular organisms, Eukaryota, Opisthokonta, Metazoa, Eumetazoa, Bilateria, Protostomia, Ecdysozoa, Panarthropoda, Arthropoda, Chelicerata, Arachnida, Acari, Parasitiformes, Ixodida, Ixodoidea, Ixodidae, Rhipicephalinae, Rhipicephalus, Rhipicephalus"
repo,B,UniProtKB,A0A2P1GN80,(obsolete/removed from UniProt),TVWVRDLTEEGVEPNPGPDT,PD,D,,
repo,B,UniProtKB,A0A1S6XXK3,Rotavirus I,VRDLTRENVEPNPGPD,PD,D,,
